arm,bridge_len,n_cells,mean_frac_score_eq_truth,p25_frac_score_eq_truth,median_frac_score_eq_truth,p75_frac_score_eq_truth,cells_at_100pct,cells_at_95pct
BWA-no-clip,1,121.0,0.449836632711897,0.21511627906976744,0.45930232558139533,0.5465116279069767,0.17355371900826447,0.17355371900826447
BWA-no-clip,3,121.0,0.9145204689602152,0.877906976744186,0.9069767441860465,0.9418604651162791,0.17355371900826447,0.2066115702479339
BWA-no-clip,5,121.0,0.9911349221602921,0.9941860465116279,0.9941860465116279,1.0,0.4380165289256198,0.9338842975206612
BWA-std,1,121.0,0.5519171631750913,0.375,0.6133720930232558,0.8226744186046512,0.17355371900826447,0.17355371900826447
BWA-std,3,121.0,0.9326109936575053,0.8866279069767442,0.938953488372093,0.9709302325581395,0.18181818181818182,0.4049586776859504
BWA-std,5,121.0,0.9945223909283106,0.9941860465116279,1.0,1.0,0.5537190082644629,0.9752066115702479
NW-flex,1,121.0,1.0,1.0,1.0,1.0,1.0,1.0
NW-flex,3,121.0,1.0,1.0,1.0,1.0,1.0,1.0
NW-flex,5,121.0,1.0,1.0,1.0,1.0,1.0,1.0
