N,snv_offset,delta,lflank,n_loci,frac_T,frac_D
5,-1,-5,1,5420,0.00018450184501845018,0.0
5,1,-5,1,5420,0.4040590405904059,0.5959409594095941
5,1,-5,2,5420,0.3671586715867159,0.3376383763837638
5,1,-5,3,5420,0.31365313653136534,0.1437269372693727
5,1,-5,4,5420,0.20018450184501846,0.05166051660516605
5,1,-5,5,5420,0.10608856088560886,0.017527675276752766
5,1,-5,6,5420,0.0470479704797048,0.005904059040590406
5,1,-5,7,5420,0.01918819188191882,0.0014760147601476014
5,1,-5,8,5420,0.005535055350553505,0.00018450184501845018
5,1,-5,9,5420,0.0014760147601476014,0.0
5,1,-5,10,5420,0.0007380073800738007,0.0
5,1,-4,1,5420,0.5826568265682657,0.4173431734317343
5,1,-4,2,5420,0.4833948339483395,0.18837638376383764
5,1,-4,3,5420,0.3501845018450184,0.07693726937269373
5,1,-4,4,5420,0.20830258302583027,0.02988929889298893
5,1,-4,5,5420,0.10719557195571956,0.010885608856088561
5,1,-4,6,5420,0.046678966789667896,0.003874538745387454
5,1,-4,7,5420,0.018819188191881917,0.0012915129151291514
5,1,-4,8,5420,0.005535055350553505,0.0
5,1,-4,9,5420,0.0014760147601476014,0.0
5,1,-4,10,5420,0.0007380073800738007,0.0
5,1,-3,1,5420,0.5826568265682657,0.4173431734317343
5,1,-3,2,5420,0.4833948339483395,0.18837638376383764
5,1,-3,3,5420,0.3501845018450184,0.07693726937269373
5,1,-3,4,5420,0.20830258302583027,0.02988929889298893
5,1,-3,5,5420,0.10719557195571956,0.010885608856088561
5,1,-3,6,5420,0.046678966789667896,0.003874538745387454
5,1,-3,7,5420,0.018819188191881917,0.0012915129151291514
5,1,-3,8,5420,0.005535055350553505,0.0
5,1,-3,9,5420,0.0014760147601476014,0.0
5,1,-3,10,5420,0.0007380073800738007,0.0
5,1,-2,1,5420,0.5826568265682657,0.4173431734317343
5,1,-2,2,5420,0.4833948339483395,0.18837638376383764
5,1,-2,3,5420,0.3501845018450184,0.07693726937269373
5,1,-2,4,5420,0.20830258302583027,0.02988929889298893
5,1,-2,5,5420,0.10719557195571956,0.010885608856088561
5,1,-2,6,5420,0.046678966789667896,0.003874538745387454
5,1,-2,7,5420,0.018819188191881917,0.0012915129151291514
5,1,-2,8,5420,0.005535055350553505,0.0
5,1,-2,9,5420,0.0014760147601476014,0.0
5,1,-2,10,5420,0.0007380073800738007,0.0
5,1,-1,1,5420,0.5826568265682657,0.4173431734317343
5,1,-1,2,5420,0.4833948339483395,0.18837638376383764
5,1,-1,3,5420,0.3501845018450184,0.07693726937269373
5,1,-1,4,5420,0.20830258302583027,0.02988929889298893
5,1,-1,5,5420,0.10719557195571956,0.010885608856088561
5,1,-1,6,5420,0.046678966789667896,0.003874538745387454
5,1,-1,7,5420,0.018819188191881917,0.0012915129151291514
5,1,-1,8,5420,0.005535055350553505,0.0
5,1,-1,9,5420,0.0014760147601476014,0.0
5,1,-1,10,5420,0.0007380073800738007,0.0
5,1,0,1,5420,0.5826568265682657,0.4173431734317343
5,1,0,2,5420,0.4833948339483395,0.18837638376383764
5,1,0,3,5420,0.3501845018450184,0.07693726937269373
5,1,0,4,5420,0.20830258302583027,0.02988929889298893
5,1,0,5,5420,0.10719557195571956,0.010885608856088561
5,1,0,6,5420,0.046678966789667896,0.003874538745387454
5,1,0,7,5420,0.018819188191881917,0.0012915129151291514
5,1,0,8,5420,0.005535055350553505,0.0
5,1,0,9,5420,0.0014760147601476014,0.0
5,1,0,10,5420,0.0007380073800738007,0.0
5,1,1,1,5420,0.5826568265682657,0.4173431734317343
5,1,1,2,5420,0.4833948339483395,0.18837638376383764
5,1,1,3,5420,0.3501845018450184,0.07693726937269373
5,1,1,4,5420,0.20830258302583027,0.02988929889298893
5,1,1,5,5420,0.10719557195571956,0.010885608856088561
5,1,1,6,5420,0.046678966789667896,0.003874538745387454
5,1,1,7,5420,0.018819188191881917,0.0012915129151291514
5,1,1,8,5420,0.005535055350553505,0.0
5,1,1,9,5420,0.0014760147601476014,0.0
5,1,1,10,5420,0.0007380073800738007,0.0
5,1,2,1,5420,0.5826568265682657,0.4173431734317343
5,1,2,2,5420,0.4833948339483395,0.18837638376383764
5,1,2,3,5420,0.3501845018450184,0.07693726937269373
5,1,2,4,5420,0.20830258302583027,0.02988929889298893
5,1,2,5,5420,0.10719557195571956,0.010885608856088561
5,1,2,6,5420,0.046678966789667896,0.003874538745387454
5,1,2,7,5420,0.018819188191881917,0.0012915129151291514
5,1,2,8,5420,0.005535055350553505,0.0
5,1,2,9,5420,0.0014760147601476014,0.0
5,1,2,10,5420,0.0007380073800738007,0.0
5,1,3,1,5420,0.5826568265682657,0.4173431734317343
5,1,3,2,5420,0.4833948339483395,0.18837638376383764
5,1,3,3,5420,0.3501845018450184,0.07693726937269373
5,1,3,4,5420,0.20830258302583027,0.02988929889298893
5,1,3,5,5420,0.10719557195571956,0.010885608856088561
5,1,3,6,5420,0.046678966789667896,0.003874538745387454
5,1,3,7,5420,0.018819188191881917,0.0012915129151291514
5,1,3,8,5420,0.005535055350553505,0.0
5,1,3,9,5420,0.0014760147601476014,0.0
5,1,3,10,5420,0.0007380073800738007,0.0
5,1,4,1,5420,0.5826568265682657,0.4173431734317343
5,1,4,2,5420,0.4833948339483395,0.18837638376383764
5,1,4,3,5420,0.3501845018450184,0.07693726937269373
5,1,4,4,5420,0.20830258302583027,0.02988929889298893
5,1,4,5,5420,0.10719557195571956,0.010885608856088561
5,1,4,6,5420,0.046678966789667896,0.003874538745387454
5,1,4,7,5420,0.018819188191881917,0.0012915129151291514
5,1,4,8,5420,0.005535055350553505,0.0
5,1,4,9,5420,0.0014760147601476014,0.0
5,1,4,10,5420,0.0007380073800738007,0.0
5,1,5,1,5420,0.5826568265682657,0.4173431734317343
5,1,5,2,5420,0.4833948339483395,0.18837638376383764
5,1,5,3,5420,0.3501845018450184,0.07693726937269373
5,1,5,4,5420,0.20830258302583027,0.02988929889298893
5,1,5,5,5420,0.10719557195571956,0.010885608856088561
5,1,5,6,5420,0.046678966789667896,0.003874538745387454
5,1,5,7,5420,0.018819188191881917,0.0012915129151291514
5,1,5,8,5420,0.005535055350553505,0.0
5,1,5,9,5420,0.0014760147601476014,0.0
5,1,5,10,5420,0.0007380073800738007,0.0
5,2,-5,1,5420,0.00018450184501845018,0.0
5,2,-5,2,5420,0.22804428044280442,0.23579335793357933
5,2,-5,3,5420,0.11771217712177122,0.10645756457564576
5,2,-5,4,5420,0.053690036900369005,0.033210332103321034
5,2,-5,5,5420,0.024354243542435424,0.016974169741697416
5,2,-5,6,5420,0.00977859778597786,0.007195571955719557
5,2,-5,7,5420,0.004428044280442804,0.0025830258302583027
5,2,-5,8,5420,0.0007380073800738007,0.0007380073800738007
5,2,-5,9,5420,0.00018450184501845018,0.00036900369003690036
5,2,-5,10,5420,0.00018450184501845018,0.00036900369003690036
5,2,-4,2,5420,0.3359778597785978,0.032103321033210334
5,2,-4,3,5420,0.15350553505535056,0.008118081180811807
5,2,-4,4,5420,0.06420664206642067,0.0018450184501845018
5,2,-4,5,5420,0.026568265682656828,0.00036900369003690036
5,2,-4,6,5420,0.010701107011070111,0.0
5,2,-4,7,5420,0.004797047970479705,0.0
5,2,-4,8,5420,0.0009225092250922509,0.0
5,2,-4,9,5420,0.00018450184501845018,0.0
5,2,-4,10,5420,0.00018450184501845018,0.0
5,2,-3,2,5420,0.3359778597785978,0.032103321033210334
5,2,-3,3,5420,0.15350553505535056,0.008118081180811807
5,2,-3,4,5420,0.06420664206642067,0.0018450184501845018
5,2,-3,5,5420,0.026568265682656828,0.00036900369003690036
5,2,-3,6,5420,0.010701107011070111,0.0
5,2,-3,7,5420,0.004797047970479705,0.0
5,2,-3,8,5420,0.0009225092250922509,0.0
5,2,-3,9,5420,0.00018450184501845018,0.0
5,2,-3,10,5420,0.00018450184501845018,0.0
5,2,-2,2,5420,0.3359778597785978,0.032103321033210334
5,2,-2,3,5420,0.15350553505535056,0.008118081180811807
5,2,-2,4,5420,0.06420664206642067,0.0018450184501845018
5,2,-2,5,5420,0.026568265682656828,0.00036900369003690036
5,2,-2,6,5420,0.010701107011070111,0.0
5,2,-2,7,5420,0.004797047970479705,0.0
5,2,-2,8,5420,0.0009225092250922509,0.0
5,2,-2,9,5420,0.00018450184501845018,0.0
5,2,-2,10,5420,0.00018450184501845018,0.0
5,2,-1,2,5420,0.3359778597785978,0.032103321033210334
5,2,-1,3,5420,0.15350553505535056,0.008118081180811807
5,2,-1,4,5420,0.06420664206642067,0.0018450184501845018
5,2,-1,5,5420,0.026568265682656828,0.00036900369003690036
5,2,-1,6,5420,0.010701107011070111,0.0
5,2,-1,7,5420,0.004797047970479705,0.0
5,2,-1,8,5420,0.0009225092250922509,0.0
5,2,-1,9,5420,0.00018450184501845018,0.0
5,2,-1,10,5420,0.00018450184501845018,0.0
5,2,0,2,5420,0.3359778597785978,0.032103321033210334
5,2,0,3,5420,0.15350553505535056,0.008118081180811807
5,2,0,4,5420,0.06420664206642067,0.0018450184501845018
5,2,0,5,5420,0.026568265682656828,0.00036900369003690036
5,2,0,6,5420,0.010701107011070111,0.0
5,2,0,7,5420,0.004797047970479705,0.0
5,2,0,8,5420,0.0009225092250922509,0.0
5,2,0,9,5420,0.00018450184501845018,0.0
5,2,0,10,5420,0.00018450184501845018,0.0
5,2,1,2,5420,0.3359778597785978,0.032103321033210334
5,2,1,3,5420,0.15350553505535056,0.008118081180811807
5,2,1,4,5420,0.06420664206642067,0.0018450184501845018
5,2,1,5,5420,0.026568265682656828,0.00036900369003690036
5,2,1,6,5420,0.010701107011070111,0.0
5,2,1,7,5420,0.004797047970479705,0.0
5,2,1,8,5420,0.0009225092250922509,0.0
5,2,1,9,5420,0.00018450184501845018,0.0
5,2,1,10,5420,0.00018450184501845018,0.0
5,2,2,2,5420,0.3359778597785978,0.032103321033210334
5,2,2,3,5420,0.15350553505535056,0.008118081180811807
5,2,2,4,5420,0.06420664206642067,0.0018450184501845018
5,2,2,5,5420,0.026568265682656828,0.00036900369003690036
5,2,2,6,5420,0.010701107011070111,0.0
5,2,2,7,5420,0.004797047970479705,0.0
5,2,2,8,5420,0.0009225092250922509,0.0
5,2,2,9,5420,0.00018450184501845018,0.0
5,2,2,10,5420,0.00018450184501845018,0.0
5,2,3,2,5420,0.3359778597785978,0.032103321033210334
5,2,3,3,5420,0.15350553505535056,0.008118081180811807
5,2,3,4,5420,0.06420664206642067,0.0018450184501845018
5,2,3,5,5420,0.026568265682656828,0.00036900369003690036
5,2,3,6,5420,0.010701107011070111,0.0
5,2,3,7,5420,0.004797047970479705,0.0
5,2,3,8,5420,0.0009225092250922509,0.0
5,2,3,9,5420,0.00018450184501845018,0.0
5,2,3,10,5420,0.00018450184501845018,0.0
5,2,4,2,5420,0.3359778597785978,0.032103321033210334
5,2,4,3,5420,0.15350553505535056,0.008118081180811807
5,2,4,4,5420,0.06420664206642067,0.0018450184501845018
5,2,4,5,5420,0.026568265682656828,0.00036900369003690036
5,2,4,6,5420,0.010701107011070111,0.0
5,2,4,7,5420,0.004797047970479705,0.0
5,2,4,8,5420,0.0009225092250922509,0.0
5,2,4,9,5420,0.00018450184501845018,0.0
5,2,4,10,5420,0.00018450184501845018,0.0
5,2,5,2,5420,0.3359778597785978,0.032103321033210334
5,2,5,3,5420,0.15350553505535056,0.008118081180811807
5,2,5,4,5420,0.06420664206642067,0.0018450184501845018
5,2,5,5,5420,0.026568265682656828,0.00036900369003690036
5,2,5,6,5420,0.010701107011070111,0.0
5,2,5,7,5420,0.004797047970479705,0.0
5,2,5,8,5420,0.0009225092250922509,0.0
5,2,5,9,5420,0.00018450184501845018,0.0
5,2,5,10,5420,0.00018450184501845018,0.0
5,3,-5,1,5420,0.00018450184501845018,0.0
5,3,-5,3,5420,0.11605166051660516,0.10166051660516605
5,3,-5,4,5420,0.05940959409594096,0.033210332103321034
5,3,-5,5,5420,0.021771217712177122,0.016605166051660517
5,3,-5,6,5420,0.004981549815498155,0.007380073800738007
5,3,-5,7,5420,0.0018450184501845018,0.0025830258302583027
5,3,-5,8,5420,0.00018450184501845018,0.0005535055350553505
5,3,-4,3,5420,0.15129151291512916,0.014575645756457565
5,3,-4,4,5420,0.07214022140221402,0.003136531365313653
5,3,-4,5,5420,0.026199261992619925,0.001107011070110701
5,3,-4,6,5420,0.006273062730627306,0.00036900369003690036
5,3,-4,7,5420,0.002214022140221402,0.00018450184501845018
5,3,-4,8,5420,0.00036900369003690036,0.0
5,3,-3,3,5420,0.15129151291512916,0.014575645756457565
5,3,-3,4,5420,0.07214022140221402,0.003136531365313653
5,3,-3,5,5420,0.026199261992619925,0.001107011070110701
5,3,-3,6,5420,0.006273062730627306,0.00036900369003690036
5,3,-3,7,5420,0.002214022140221402,0.00018450184501845018
5,3,-3,8,5420,0.00036900369003690036,0.0
5,3,-2,3,5420,0.15129151291512916,0.014575645756457565
5,3,-2,4,5420,0.07214022140221402,0.003136531365313653
5,3,-2,5,5420,0.026199261992619925,0.001107011070110701
5,3,-2,6,5420,0.006273062730627306,0.00036900369003690036
5,3,-2,7,5420,0.002214022140221402,0.00018450184501845018
5,3,-2,8,5420,0.00036900369003690036,0.0
5,3,-1,3,5420,0.15129151291512916,0.014575645756457565
5,3,-1,4,5420,0.07214022140221402,0.003136531365313653
5,3,-1,5,5420,0.026199261992619925,0.001107011070110701
5,3,-1,6,5420,0.006273062730627306,0.00036900369003690036
5,3,-1,7,5420,0.002214022140221402,0.00018450184501845018
5,3,-1,8,5420,0.00036900369003690036,0.0
5,3,0,3,5420,0.15129151291512916,0.014575645756457565
5,3,0,4,5420,0.07214022140221402,0.003136531365313653
5,3,0,5,5420,0.026199261992619925,0.001107011070110701
5,3,0,6,5420,0.006273062730627306,0.00036900369003690036
5,3,0,7,5420,0.002214022140221402,0.00018450184501845018
5,3,0,8,5420,0.00036900369003690036,0.0
5,3,1,3,5420,0.15129151291512916,0.014575645756457565
5,3,1,4,5420,0.07214022140221402,0.003136531365313653
5,3,1,5,5420,0.026199261992619925,0.001107011070110701
5,3,1,6,5420,0.006273062730627306,0.00036900369003690036
5,3,1,7,5420,0.002214022140221402,0.00018450184501845018
5,3,1,8,5420,0.00036900369003690036,0.0
5,3,2,3,5420,0.15129151291512916,0.014575645756457565
5,3,2,4,5420,0.07214022140221402,0.003136531365313653
5,3,2,5,5420,0.026199261992619925,0.001107011070110701
5,3,2,6,5420,0.006273062730627306,0.00036900369003690036
5,3,2,7,5420,0.002214022140221402,0.00018450184501845018
5,3,2,8,5420,0.00036900369003690036,0.0
5,3,3,3,5420,0.15129151291512916,0.014575645756457565
5,3,3,4,5420,0.07214022140221402,0.003136531365313653
5,3,3,5,5420,0.026199261992619925,0.001107011070110701
5,3,3,6,5420,0.006273062730627306,0.00036900369003690036
5,3,3,7,5420,0.002214022140221402,0.00018450184501845018
5,3,3,8,5420,0.00036900369003690036,0.0
5,3,4,3,5420,0.15129151291512916,0.014575645756457565
5,3,4,4,5420,0.07214022140221402,0.003136531365313653
5,3,4,5,5420,0.026199261992619925,0.001107011070110701
5,3,4,6,5420,0.006273062730627306,0.00036900369003690036
5,3,4,7,5420,0.002214022140221402,0.00018450184501845018
5,3,4,8,5420,0.00036900369003690036,0.0
5,3,5,3,5420,0.15129151291512916,0.014575645756457565
5,3,5,4,5420,0.07214022140221402,0.003136531365313653
5,3,5,5,5420,0.026199261992619925,0.001107011070110701
5,3,5,6,5420,0.006273062730627306,0.00036900369003690036
5,3,5,7,5420,0.002214022140221402,0.00018450184501845018
5,3,5,8,5420,0.00036900369003690036,0.0
5,4,-5,1,5420,0.00018450184501845018,0.0
5,4,-5,4,5420,0.06439114391143912,0.03339483394833948
5,4,-5,5,5420,0.03136531365313653,0.013468634686346863
5,4,-5,6,5420,0.011439114391143911,0.006273062730627306
5,4,-5,7,5420,0.004059040590405904,0.002952029520295203
5,4,-5,8,5420,0.0007380073800738007,0.001107011070110701
5,4,-5,9,5420,0.00018450184501845018,0.00018450184501845018
5,4,-5,10,5420,0.0,0.00018450184501845018
5,4,-4,4,5420,0.07767527675276753,0.008302583025830259
5,4,-4,5,5420,0.03856088560885609,0.0009225092250922509
5,4,-4,6,5420,0.014760147601476014,0.00036900369003690036
5,4,-4,7,5420,0.005904059040590406,0.0
5,4,-4,8,5420,0.0014760147601476014,0.0
5,4,-4,9,5420,0.00018450184501845018,0.0
5,4,-3,4,5420,0.07767527675276753,0.008302583025830259
5,4,-3,5,5420,0.03856088560885609,0.0009225092250922509
5,4,-3,6,5420,0.014760147601476014,0.00036900369003690036
5,4,-3,7,5420,0.005904059040590406,0.0
5,4,-3,8,5420,0.0014760147601476014,0.0
5,4,-3,9,5420,0.00018450184501845018,0.0
5,4,-2,4,5420,0.07767527675276753,0.008302583025830259
5,4,-2,5,5420,0.03856088560885609,0.0009225092250922509
5,4,-2,6,5420,0.014760147601476014,0.00036900369003690036
5,4,-2,7,5420,0.005904059040590406,0.0
5,4,-2,8,5420,0.0014760147601476014,0.0
5,4,-2,9,5420,0.00018450184501845018,0.0
5,4,-1,4,5420,0.07767527675276753,0.008302583025830259
5,4,-1,5,5420,0.03856088560885609,0.0009225092250922509
5,4,-1,6,5420,0.014760147601476014,0.00036900369003690036
5,4,-1,7,5420,0.005904059040590406,0.0
5,4,-1,8,5420,0.0014760147601476014,0.0
5,4,-1,9,5420,0.00018450184501845018,0.0
5,4,0,4,5420,0.07767527675276753,0.008302583025830259
5,4,0,5,5420,0.03856088560885609,0.0009225092250922509
5,4,0,6,5420,0.014760147601476014,0.00036900369003690036
5,4,0,7,5420,0.005904059040590406,0.0
5,4,0,8,5420,0.0014760147601476014,0.0
5,4,0,9,5420,0.00018450184501845018,0.0
5,4,1,4,5420,0.07767527675276753,0.008302583025830259
5,4,1,5,5420,0.03856088560885609,0.0009225092250922509
5,4,1,6,5420,0.014760147601476014,0.00036900369003690036
5,4,1,7,5420,0.005904059040590406,0.0
5,4,1,8,5420,0.0014760147601476014,0.0
5,4,1,9,5420,0.00018450184501845018,0.0
5,4,2,4,5420,0.07767527675276753,0.008302583025830259
5,4,2,5,5420,0.03856088560885609,0.0009225092250922509
5,4,2,6,5420,0.014760147601476014,0.00036900369003690036
5,4,2,7,5420,0.005904059040590406,0.0
5,4,2,8,5420,0.0014760147601476014,0.0
5,4,2,9,5420,0.00018450184501845018,0.0
5,4,3,4,5420,0.07767527675276753,0.008302583025830259
5,4,3,5,5420,0.03856088560885609,0.0009225092250922509
5,4,3,6,5420,0.014760147601476014,0.00036900369003690036
5,4,3,7,5420,0.005904059040590406,0.0
5,4,3,8,5420,0.0014760147601476014,0.0
5,4,3,9,5420,0.00018450184501845018,0.0
5,4,4,4,5420,0.07767527675276753,0.008302583025830259
5,4,4,5,5420,0.03856088560885609,0.0009225092250922509
5,4,4,6,5420,0.014760147601476014,0.00036900369003690036
5,4,4,7,5420,0.005904059040590406,0.0
5,4,4,8,5420,0.0014760147601476014,0.0
5,4,4,9,5420,0.00018450184501845018,0.0
5,4,5,4,5420,0.07767527675276753,0.008302583025830259
5,4,5,5,5420,0.03856088560885609,0.0009225092250922509
5,4,5,6,5420,0.014760147601476014,0.00036900369003690036
5,4,5,7,5420,0.005904059040590406,0.0
5,4,5,8,5420,0.0014760147601476014,0.0
5,4,5,9,5420,0.00018450184501845018,0.0
5,5,-5,1,5420,0.00018450184501845018,0.0
5,5,-5,5,5420,0.01107011070110701,0.007011070110701107
5,5,-5,6,5420,0.004981549815498155,0.0027675276752767526
5,5,-5,7,5420,0.0016605166051660517,0.0014760147601476014
5,5,-5,8,5420,0.0007380073800738007,0.0007380073800738007
5,5,-5,9,5420,0.00036900369003690036,0.0005535055350553505
5,5,-5,10,5420,0.00018450184501845018,0.00036900369003690036
5,5,-4,5,5420,0.016420664206642066,0.0035055350553505533
5,5,-4,6,5420,0.007380073800738007,0.0016605166051660517
5,5,-4,7,5420,0.002952029520295203,0.0007380073800738007
5,5,-4,8,5420,0.0014760147601476014,0.00018450184501845018
5,5,-4,9,5420,0.0009225092250922509,0.0
5,5,-4,10,5420,0.0005535055350553505,0.0
5,5,-3,5,5420,0.016420664206642066,0.0035055350553505533
5,5,-3,6,5420,0.007380073800738007,0.0016605166051660517
5,5,-3,7,5420,0.002952029520295203,0.0007380073800738007
5,5,-3,8,5420,0.0014760147601476014,0.00018450184501845018
5,5,-3,9,5420,0.0009225092250922509,0.0
5,5,-3,10,5420,0.0005535055350553505,0.0
5,5,-2,5,5420,0.016420664206642066,0.0035055350553505533
5,5,-2,6,5420,0.007380073800738007,0.0016605166051660517
5,5,-2,7,5420,0.002952029520295203,0.0007380073800738007
5,5,-2,8,5420,0.0014760147601476014,0.00018450184501845018
5,5,-2,9,5420,0.0009225092250922509,0.0
5,5,-2,10,5420,0.0005535055350553505,0.0
5,5,-1,5,5420,0.016420664206642066,0.0035055350553505533
5,5,-1,6,5420,0.007380073800738007,0.0016605166051660517
5,5,-1,7,5420,0.002952029520295203,0.0007380073800738007
5,5,-1,8,5420,0.0014760147601476014,0.00018450184501845018
5,5,-1,9,5420,0.0009225092250922509,0.0
5,5,-1,10,5420,0.0005535055350553505,0.0
5,5,0,5,5420,0.016420664206642066,0.0035055350553505533
5,5,0,6,5420,0.007380073800738007,0.0016605166051660517
5,5,0,7,5420,0.002952029520295203,0.0007380073800738007
5,5,0,8,5420,0.0014760147601476014,0.00018450184501845018
5,5,0,9,5420,0.0009225092250922509,0.0
5,5,0,10,5420,0.0005535055350553505,0.0
5,5,1,5,5420,0.016420664206642066,0.0035055350553505533
5,5,1,6,5420,0.007380073800738007,0.0016605166051660517
5,5,1,7,5420,0.002952029520295203,0.0007380073800738007
5,5,1,8,5420,0.0014760147601476014,0.00018450184501845018
5,5,1,9,5420,0.0009225092250922509,0.0
5,5,1,10,5420,0.0005535055350553505,0.0
5,5,2,5,5420,0.016420664206642066,0.0035055350553505533
5,5,2,6,5420,0.007380073800738007,0.0016605166051660517
5,5,2,7,5420,0.002952029520295203,0.0007380073800738007
5,5,2,8,5420,0.0014760147601476014,0.00018450184501845018
5,5,2,9,5420,0.0009225092250922509,0.0
5,5,2,10,5420,0.0005535055350553505,0.0
5,5,3,5,5420,0.016420664206642066,0.0035055350553505533
5,5,3,6,5420,0.007380073800738007,0.0016605166051660517
5,5,3,7,5420,0.002952029520295203,0.0007380073800738007
5,5,3,8,5420,0.0014760147601476014,0.00018450184501845018
5,5,3,9,5420,0.0009225092250922509,0.0
5,5,3,10,5420,0.0005535055350553505,0.0
5,5,4,5,5420,0.016420664206642066,0.0035055350553505533
5,5,4,6,5420,0.007380073800738007,0.0016605166051660517
5,5,4,7,5420,0.002952029520295203,0.0007380073800738007
5,5,4,8,5420,0.0014760147601476014,0.00018450184501845018
5,5,4,9,5420,0.0009225092250922509,0.0
5,5,4,10,5420,0.0005535055350553505,0.0
5,5,5,5,5420,0.016420664206642066,0.0035055350553505533
5,5,5,6,5420,0.007380073800738007,0.0016605166051660517
5,5,5,7,5420,0.002952029520295203,0.0007380073800738007
5,5,5,8,5420,0.0014760147601476014,0.00018450184501845018
5,5,5,9,5420,0.0009225092250922509,0.0
5,5,5,10,5420,0.0005535055350553505,0.0
5,6,-5,1,5420,0.00018450184501845018,0.0
5,6,-5,6,5420,0.002952029520295203,0.004059040590405904
5,6,-5,7,5420,0.001107011070110701,0.0014760147601476014
5,6,-5,8,5420,0.0009225092250922509,0.0005535055350553505
5,6,-5,9,5420,0.00018450184501845018,0.00018450184501845018
5,6,-4,6,5420,0.005904059040590406,0.0014760147601476014
5,6,-4,7,5420,0.002214022140221402,0.00036900369003690036
5,6,-4,8,5420,0.0014760147601476014,0.00018450184501845018
5,6,-4,9,5420,0.00036900369003690036,0.00018450184501845018
5,6,-4,10,5420,0.0,0.00018450184501845018
5,6,-3,6,5420,0.005904059040590406,0.0014760147601476014
5,6,-3,7,5420,0.002214022140221402,0.00036900369003690036
5,6,-3,8,5420,0.0014760147601476014,0.00018450184501845018
5,6,-3,9,5420,0.00036900369003690036,0.00018450184501845018
5,6,-3,10,5420,0.0,0.00018450184501845018
5,6,-2,6,5420,0.005904059040590406,0.0014760147601476014
5,6,-2,7,5420,0.002214022140221402,0.00036900369003690036
5,6,-2,8,5420,0.0014760147601476014,0.00018450184501845018
5,6,-2,9,5420,0.00036900369003690036,0.00018450184501845018
5,6,-2,10,5420,0.0,0.00018450184501845018
5,6,-1,6,5420,0.005904059040590406,0.0014760147601476014
5,6,-1,7,5420,0.002214022140221402,0.00036900369003690036
5,6,-1,8,5420,0.0014760147601476014,0.00018450184501845018
5,6,-1,9,5420,0.00036900369003690036,0.00018450184501845018
5,6,-1,10,5420,0.0,0.00018450184501845018
5,6,0,6,5420,0.005904059040590406,0.0014760147601476014
5,6,0,7,5420,0.002214022140221402,0.00036900369003690036
5,6,0,8,5420,0.0014760147601476014,0.00018450184501845018
5,6,0,9,5420,0.00036900369003690036,0.00018450184501845018
5,6,0,10,5420,0.0,0.00018450184501845018
5,6,1,6,5420,0.005904059040590406,0.0014760147601476014
5,6,1,7,5420,0.002214022140221402,0.00036900369003690036
5,6,1,8,5420,0.0014760147601476014,0.00018450184501845018
5,6,1,9,5420,0.00036900369003690036,0.00018450184501845018
5,6,1,10,5420,0.0,0.00018450184501845018
5,6,2,6,5420,0.005904059040590406,0.0014760147601476014
5,6,2,7,5420,0.002214022140221402,0.00036900369003690036
5,6,2,8,5420,0.0014760147601476014,0.00018450184501845018
5,6,2,9,5420,0.00036900369003690036,0.00018450184501845018
5,6,2,10,5420,0.0,0.00018450184501845018
5,6,3,6,5420,0.005904059040590406,0.0014760147601476014
5,6,3,7,5420,0.002214022140221402,0.00036900369003690036
5,6,3,8,5420,0.0014760147601476014,0.00018450184501845018
5,6,3,9,5420,0.00036900369003690036,0.00018450184501845018
5,6,3,10,5420,0.0,0.00018450184501845018
5,6,4,6,5420,0.005904059040590406,0.0014760147601476014
5,6,4,7,5420,0.002214022140221402,0.00036900369003690036
5,6,4,8,5420,0.0014760147601476014,0.00018450184501845018
5,6,4,9,5420,0.00036900369003690036,0.00018450184501845018
5,6,4,10,5420,0.0,0.00018450184501845018
5,6,5,6,5420,0.005904059040590406,0.0014760147601476014
5,6,5,7,5420,0.002214022140221402,0.00036900369003690036
5,6,5,8,5420,0.0014760147601476014,0.00018450184501845018
5,6,5,9,5420,0.00036900369003690036,0.00018450184501845018
5,6,5,10,5420,0.0,0.00018450184501845018
5,10,-5,1,5420,0.00018450184501845018,0.0
5,11,-5,1,5420,0.00018450184501845018,0.0
10,1,-5,1,5420,0.5826568265682657,0.4173431734317343
10,1,-5,2,5420,0.4833948339483395,0.18837638376383764
10,1,-5,3,5420,0.3501845018450184,0.07693726937269373
10,1,-5,4,5420,0.20830258302583027,0.02988929889298893
10,1,-5,5,5420,0.10719557195571956,0.010885608856088561
10,1,-5,6,5420,0.046678966789667896,0.003874538745387454
10,1,-5,7,5420,0.018819188191881917,0.0012915129151291514
10,1,-5,8,5420,0.005535055350553505,0.0
10,1,-5,9,5420,0.0014760147601476014,0.0
10,1,-5,10,5420,0.0007380073800738007,0.0
10,1,-4,1,5420,0.5826568265682657,0.4173431734317343
10,1,-4,2,5420,0.4833948339483395,0.18837638376383764
10,1,-4,3,5420,0.3501845018450184,0.07693726937269373
10,1,-4,4,5420,0.20830258302583027,0.02988929889298893
10,1,-4,5,5420,0.10719557195571956,0.010885608856088561
10,1,-4,6,5420,0.046678966789667896,0.003874538745387454
10,1,-4,7,5420,0.018819188191881917,0.0012915129151291514
10,1,-4,8,5420,0.005535055350553505,0.0
10,1,-4,9,5420,0.0014760147601476014,0.0
10,1,-4,10,5420,0.0007380073800738007,0.0
10,1,-3,1,5420,0.5826568265682657,0.4173431734317343
10,1,-3,2,5420,0.4833948339483395,0.18837638376383764
10,1,-3,3,5420,0.3501845018450184,0.07693726937269373
10,1,-3,4,5420,0.20830258302583027,0.02988929889298893
10,1,-3,5,5420,0.10719557195571956,0.010885608856088561
10,1,-3,6,5420,0.046678966789667896,0.003874538745387454
10,1,-3,7,5420,0.018819188191881917,0.0012915129151291514
10,1,-3,8,5420,0.005535055350553505,0.0
10,1,-3,9,5420,0.0014760147601476014,0.0
10,1,-3,10,5420,0.0007380073800738007,0.0
10,1,-2,1,5420,0.5826568265682657,0.4173431734317343
10,1,-2,2,5420,0.4833948339483395,0.18837638376383764
10,1,-2,3,5420,0.3501845018450184,0.07693726937269373
10,1,-2,4,5420,0.20830258302583027,0.02988929889298893
10,1,-2,5,5420,0.10719557195571956,0.010885608856088561
10,1,-2,6,5420,0.046678966789667896,0.003874538745387454
10,1,-2,7,5420,0.018819188191881917,0.0012915129151291514
10,1,-2,8,5420,0.005535055350553505,0.0
10,1,-2,9,5420,0.0014760147601476014,0.0
10,1,-2,10,5420,0.0007380073800738007,0.0
10,1,-1,1,5420,0.5826568265682657,0.4173431734317343
10,1,-1,2,5420,0.4833948339483395,0.18837638376383764
10,1,-1,3,5420,0.3501845018450184,0.07693726937269373
10,1,-1,4,5420,0.20830258302583027,0.02988929889298893
10,1,-1,5,5420,0.10719557195571956,0.010885608856088561
10,1,-1,6,5420,0.046678966789667896,0.003874538745387454
10,1,-1,7,5420,0.018819188191881917,0.0012915129151291514
10,1,-1,8,5420,0.005535055350553505,0.0
10,1,-1,9,5420,0.0014760147601476014,0.0
10,1,-1,10,5420,0.0007380073800738007,0.0
10,1,0,1,5420,0.5826568265682657,0.4173431734317343
10,1,0,2,5420,0.4833948339483395,0.18837638376383764
10,1,0,3,5420,0.3501845018450184,0.07693726937269373
10,1,0,4,5420,0.20830258302583027,0.02988929889298893
10,1,0,5,5420,0.10719557195571956,0.010885608856088561
10,1,0,6,5420,0.046678966789667896,0.003874538745387454
10,1,0,7,5420,0.018819188191881917,0.0012915129151291514
10,1,0,8,5420,0.005535055350553505,0.0
10,1,0,9,5420,0.0014760147601476014,0.0
10,1,0,10,5420,0.0007380073800738007,0.0
10,1,1,1,5420,0.5826568265682657,0.4173431734317343
10,1,1,2,5420,0.4833948339483395,0.18837638376383764
10,1,1,3,5420,0.3501845018450184,0.07693726937269373
10,1,1,4,5420,0.20830258302583027,0.02988929889298893
10,1,1,5,5420,0.10719557195571956,0.010885608856088561
10,1,1,6,5420,0.046678966789667896,0.003874538745387454
10,1,1,7,5420,0.018819188191881917,0.0012915129151291514
10,1,1,8,5420,0.005535055350553505,0.0
10,1,1,9,5420,0.0014760147601476014,0.0
10,1,1,10,5420,0.0007380073800738007,0.0
10,1,2,1,5420,0.5826568265682657,0.4173431734317343
10,1,2,2,5420,0.4833948339483395,0.18837638376383764
10,1,2,3,5420,0.3501845018450184,0.07693726937269373
10,1,2,4,5420,0.20830258302583027,0.02988929889298893
10,1,2,5,5420,0.10719557195571956,0.010885608856088561
10,1,2,6,5420,0.046678966789667896,0.003874538745387454
10,1,2,7,5420,0.018819188191881917,0.0012915129151291514
10,1,2,8,5420,0.005535055350553505,0.0
10,1,2,9,5420,0.0014760147601476014,0.0
10,1,2,10,5420,0.0007380073800738007,0.0
10,1,3,1,5420,0.5826568265682657,0.4173431734317343
10,1,3,2,5420,0.4833948339483395,0.18837638376383764
10,1,3,3,5420,0.3501845018450184,0.07693726937269373
10,1,3,4,5420,0.20830258302583027,0.02988929889298893
10,1,3,5,5420,0.10719557195571956,0.010885608856088561
10,1,3,6,5420,0.046678966789667896,0.003874538745387454
10,1,3,7,5420,0.018819188191881917,0.0012915129151291514
10,1,3,8,5420,0.005535055350553505,0.0
10,1,3,9,5420,0.0014760147601476014,0.0
10,1,3,10,5420,0.0007380073800738007,0.0
10,1,4,1,5420,0.5826568265682657,0.4173431734317343
10,1,4,2,5420,0.4833948339483395,0.18837638376383764
10,1,4,3,5420,0.3501845018450184,0.07693726937269373
10,1,4,4,5420,0.20830258302583027,0.02988929889298893
10,1,4,5,5420,0.10719557195571956,0.010885608856088561
10,1,4,6,5420,0.046678966789667896,0.003874538745387454
10,1,4,7,5420,0.018819188191881917,0.0012915129151291514
10,1,4,8,5420,0.005535055350553505,0.0
10,1,4,9,5420,0.0014760147601476014,0.0
10,1,4,10,5420,0.0007380073800738007,0.0
10,1,5,1,5420,0.5826568265682657,0.4173431734317343
10,1,5,2,5420,0.4833948339483395,0.18837638376383764
10,1,5,3,5420,0.3501845018450184,0.07693726937269373
10,1,5,4,5420,0.20830258302583027,0.02988929889298893
10,1,5,5,5420,0.10719557195571956,0.010885608856088561
10,1,5,6,5420,0.046678966789667896,0.003874538745387454
10,1,5,7,5420,0.018819188191881917,0.0012915129151291514
10,1,5,8,5420,0.005535055350553505,0.0
10,1,5,9,5420,0.0014760147601476014,0.0
10,1,5,10,5420,0.0007380073800738007,0.0
10,2,-5,2,5420,0.3359778597785978,0.032103321033210334
10,2,-5,3,5420,0.15350553505535056,0.008118081180811807
10,2,-5,4,5420,0.06420664206642067,0.0018450184501845018
10,2,-5,5,5420,0.026568265682656828,0.00036900369003690036
10,2,-5,6,5420,0.010701107011070111,0.0
10,2,-5,7,5420,0.004797047970479705,0.0
10,2,-5,8,5420,0.0009225092250922509,0.0
10,2,-5,9,5420,0.00018450184501845018,0.0
10,2,-5,10,5420,0.00018450184501845018,0.0
10,2,-4,2,5420,0.3359778597785978,0.032103321033210334
10,2,-4,3,5420,0.15350553505535056,0.008118081180811807
10,2,-4,4,5420,0.06420664206642067,0.0018450184501845018
10,2,-4,5,5420,0.026568265682656828,0.00036900369003690036
10,2,-4,6,5420,0.010701107011070111,0.0
10,2,-4,7,5420,0.004797047970479705,0.0
10,2,-4,8,5420,0.0009225092250922509,0.0
10,2,-4,9,5420,0.00018450184501845018,0.0
10,2,-4,10,5420,0.00018450184501845018,0.0
10,2,-3,2,5420,0.3359778597785978,0.032103321033210334
10,2,-3,3,5420,0.15350553505535056,0.008118081180811807
10,2,-3,4,5420,0.06420664206642067,0.0018450184501845018
10,2,-3,5,5420,0.026568265682656828,0.00036900369003690036
10,2,-3,6,5420,0.010701107011070111,0.0
10,2,-3,7,5420,0.004797047970479705,0.0
10,2,-3,8,5420,0.0009225092250922509,0.0
10,2,-3,9,5420,0.00018450184501845018,0.0
10,2,-3,10,5420,0.00018450184501845018,0.0
10,2,-2,2,5420,0.3359778597785978,0.032103321033210334
10,2,-2,3,5420,0.15350553505535056,0.008118081180811807
10,2,-2,4,5420,0.06420664206642067,0.0018450184501845018
10,2,-2,5,5420,0.026568265682656828,0.00036900369003690036
10,2,-2,6,5420,0.010701107011070111,0.0
10,2,-2,7,5420,0.004797047970479705,0.0
10,2,-2,8,5420,0.0009225092250922509,0.0
10,2,-2,9,5420,0.00018450184501845018,0.0
10,2,-2,10,5420,0.00018450184501845018,0.0
10,2,-1,2,5420,0.3359778597785978,0.032103321033210334
10,2,-1,3,5420,0.15350553505535056,0.008118081180811807
10,2,-1,4,5420,0.06420664206642067,0.0018450184501845018
10,2,-1,5,5420,0.026568265682656828,0.00036900369003690036
10,2,-1,6,5420,0.010701107011070111,0.0
10,2,-1,7,5420,0.004797047970479705,0.0
10,2,-1,8,5420,0.0009225092250922509,0.0
10,2,-1,9,5420,0.00018450184501845018,0.0
10,2,-1,10,5420,0.00018450184501845018,0.0
10,2,0,2,5420,0.3359778597785978,0.032103321033210334
10,2,0,3,5420,0.15350553505535056,0.008118081180811807
10,2,0,4,5420,0.06420664206642067,0.0018450184501845018
10,2,0,5,5420,0.026568265682656828,0.00036900369003690036
10,2,0,6,5420,0.010701107011070111,0.0
10,2,0,7,5420,0.004797047970479705,0.0
10,2,0,8,5420,0.0009225092250922509,0.0
10,2,0,9,5420,0.00018450184501845018,0.0
10,2,0,10,5420,0.00018450184501845018,0.0
10,2,1,2,5420,0.3359778597785978,0.032103321033210334
10,2,1,3,5420,0.15350553505535056,0.008118081180811807
10,2,1,4,5420,0.06420664206642067,0.0018450184501845018
10,2,1,5,5420,0.026568265682656828,0.00036900369003690036
10,2,1,6,5420,0.010701107011070111,0.0
10,2,1,7,5420,0.004797047970479705,0.0
10,2,1,8,5420,0.0009225092250922509,0.0
10,2,1,9,5420,0.00018450184501845018,0.0
10,2,1,10,5420,0.00018450184501845018,0.0
10,2,2,2,5420,0.3359778597785978,0.032103321033210334
10,2,2,3,5420,0.15350553505535056,0.008118081180811807
10,2,2,4,5420,0.06420664206642067,0.0018450184501845018
10,2,2,5,5420,0.026568265682656828,0.00036900369003690036
10,2,2,6,5420,0.010701107011070111,0.0
10,2,2,7,5420,0.004797047970479705,0.0
10,2,2,8,5420,0.0009225092250922509,0.0
10,2,2,9,5420,0.00018450184501845018,0.0
10,2,2,10,5420,0.00018450184501845018,0.0
10,2,3,2,5420,0.3359778597785978,0.032103321033210334
10,2,3,3,5420,0.15350553505535056,0.008118081180811807
10,2,3,4,5420,0.06420664206642067,0.0018450184501845018
10,2,3,5,5420,0.026568265682656828,0.00036900369003690036
10,2,3,6,5420,0.010701107011070111,0.0
10,2,3,7,5420,0.004797047970479705,0.0
10,2,3,8,5420,0.0009225092250922509,0.0
10,2,3,9,5420,0.00018450184501845018,0.0
10,2,3,10,5420,0.00018450184501845018,0.0
10,2,4,2,5420,0.3359778597785978,0.032103321033210334
10,2,4,3,5420,0.15350553505535056,0.008118081180811807
10,2,4,4,5420,0.06420664206642067,0.0018450184501845018
10,2,4,5,5420,0.026568265682656828,0.00036900369003690036
10,2,4,6,5420,0.010701107011070111,0.0
10,2,4,7,5420,0.004797047970479705,0.0
10,2,4,8,5420,0.0009225092250922509,0.0
10,2,4,9,5420,0.00018450184501845018,0.0
10,2,4,10,5420,0.00018450184501845018,0.0
10,2,5,2,5420,0.3359778597785978,0.032103321033210334
10,2,5,3,5420,0.15350553505535056,0.008118081180811807
10,2,5,4,5420,0.06420664206642067,0.0018450184501845018
10,2,5,5,5420,0.026568265682656828,0.00036900369003690036
10,2,5,6,5420,0.010701107011070111,0.0
10,2,5,7,5420,0.004797047970479705,0.0
10,2,5,8,5420,0.0009225092250922509,0.0
10,2,5,9,5420,0.00018450184501845018,0.0
10,2,5,10,5420,0.00018450184501845018,0.0
10,3,-5,3,5420,0.15129151291512916,0.014575645756457565
10,3,-5,4,5420,0.07214022140221402,0.003136531365313653
10,3,-5,5,5420,0.026199261992619925,0.001107011070110701
10,3,-5,6,5420,0.006273062730627306,0.00036900369003690036
10,3,-5,7,5420,0.002214022140221402,0.00018450184501845018
10,3,-5,8,5420,0.00036900369003690036,0.0
10,3,-4,3,5420,0.15129151291512916,0.014575645756457565
10,3,-4,4,5420,0.07214022140221402,0.003136531365313653
10,3,-4,5,5420,0.026199261992619925,0.001107011070110701
10,3,-4,6,5420,0.006273062730627306,0.00036900369003690036
10,3,-4,7,5420,0.002214022140221402,0.00018450184501845018
10,3,-4,8,5420,0.00036900369003690036,0.0
10,3,-3,3,5420,0.15129151291512916,0.014575645756457565
10,3,-3,4,5420,0.07214022140221402,0.003136531365313653
10,3,-3,5,5420,0.026199261992619925,0.001107011070110701
10,3,-3,6,5420,0.006273062730627306,0.00036900369003690036
10,3,-3,7,5420,0.002214022140221402,0.00018450184501845018
10,3,-3,8,5420,0.00036900369003690036,0.0
10,3,-2,3,5420,0.15129151291512916,0.014575645756457565
10,3,-2,4,5420,0.07214022140221402,0.003136531365313653
10,3,-2,5,5420,0.026199261992619925,0.001107011070110701
10,3,-2,6,5420,0.006273062730627306,0.00036900369003690036
10,3,-2,7,5420,0.002214022140221402,0.00018450184501845018
10,3,-2,8,5420,0.00036900369003690036,0.0
10,3,-1,3,5420,0.15129151291512916,0.014575645756457565
10,3,-1,4,5420,0.07214022140221402,0.003136531365313653
10,3,-1,5,5420,0.026199261992619925,0.001107011070110701
10,3,-1,6,5420,0.006273062730627306,0.00036900369003690036
10,3,-1,7,5420,0.002214022140221402,0.00018450184501845018
10,3,-1,8,5420,0.00036900369003690036,0.0
10,3,0,3,5420,0.15129151291512916,0.014575645756457565
10,3,0,4,5420,0.07214022140221402,0.003136531365313653
10,3,0,5,5420,0.026199261992619925,0.001107011070110701
10,3,0,6,5420,0.006273062730627306,0.00036900369003690036
10,3,0,7,5420,0.002214022140221402,0.00018450184501845018
10,3,0,8,5420,0.00036900369003690036,0.0
10,3,1,3,5420,0.15129151291512916,0.014575645756457565
10,3,1,4,5420,0.07214022140221402,0.003136531365313653
10,3,1,5,5420,0.026199261992619925,0.001107011070110701
10,3,1,6,5420,0.006273062730627306,0.00036900369003690036
10,3,1,7,5420,0.002214022140221402,0.00018450184501845018
10,3,1,8,5420,0.00036900369003690036,0.0
10,3,2,3,5420,0.15129151291512916,0.014575645756457565
10,3,2,4,5420,0.07214022140221402,0.003136531365313653
10,3,2,5,5420,0.026199261992619925,0.001107011070110701
10,3,2,6,5420,0.006273062730627306,0.00036900369003690036
10,3,2,7,5420,0.002214022140221402,0.00018450184501845018
10,3,2,8,5420,0.00036900369003690036,0.0
10,3,3,3,5420,0.15129151291512916,0.014575645756457565
10,3,3,4,5420,0.07214022140221402,0.003136531365313653
10,3,3,5,5420,0.026199261992619925,0.001107011070110701
10,3,3,6,5420,0.006273062730627306,0.00036900369003690036
10,3,3,7,5420,0.002214022140221402,0.00018450184501845018
10,3,3,8,5420,0.00036900369003690036,0.0
10,3,4,3,5420,0.15129151291512916,0.014575645756457565
10,3,4,4,5420,0.07214022140221402,0.003136531365313653
10,3,4,5,5420,0.026199261992619925,0.001107011070110701
10,3,4,6,5420,0.006273062730627306,0.00036900369003690036
10,3,4,7,5420,0.002214022140221402,0.00018450184501845018
10,3,4,8,5420,0.00036900369003690036,0.0
10,3,5,3,5420,0.15129151291512916,0.014575645756457565
10,3,5,4,5420,0.07214022140221402,0.003136531365313653
10,3,5,5,5420,0.026199261992619925,0.001107011070110701
10,3,5,6,5420,0.006273062730627306,0.00036900369003690036
10,3,5,7,5420,0.002214022140221402,0.00018450184501845018
10,3,5,8,5420,0.00036900369003690036,0.0
10,4,-5,4,5420,0.07767527675276753,0.008302583025830259
10,4,-5,5,5420,0.03856088560885609,0.0009225092250922509
10,4,-5,6,5420,0.014760147601476014,0.00036900369003690036
10,4,-5,7,5420,0.005904059040590406,0.0
10,4,-5,8,5420,0.0014760147601476014,0.0
10,4,-5,9,5420,0.00018450184501845018,0.0
10,4,-4,4,5420,0.07767527675276753,0.008302583025830259
10,4,-4,5,5420,0.03856088560885609,0.0009225092250922509
10,4,-4,6,5420,0.014760147601476014,0.00036900369003690036
10,4,-4,7,5420,0.005904059040590406,0.0
10,4,-4,8,5420,0.0014760147601476014,0.0
10,4,-4,9,5420,0.00018450184501845018,0.0
10,4,-3,4,5420,0.07767527675276753,0.008302583025830259
10,4,-3,5,5420,0.03856088560885609,0.0009225092250922509
10,4,-3,6,5420,0.014760147601476014,0.00036900369003690036
10,4,-3,7,5420,0.005904059040590406,0.0
10,4,-3,8,5420,0.0014760147601476014,0.0
10,4,-3,9,5420,0.00018450184501845018,0.0
10,4,-2,4,5420,0.07767527675276753,0.008302583025830259
10,4,-2,5,5420,0.03856088560885609,0.0009225092250922509
10,4,-2,6,5420,0.014760147601476014,0.00036900369003690036
10,4,-2,7,5420,0.005904059040590406,0.0
10,4,-2,8,5420,0.0014760147601476014,0.0
10,4,-2,9,5420,0.00018450184501845018,0.0
10,4,-1,4,5420,0.07767527675276753,0.008302583025830259
10,4,-1,5,5420,0.03856088560885609,0.0009225092250922509
10,4,-1,6,5420,0.014760147601476014,0.00036900369003690036
10,4,-1,7,5420,0.005904059040590406,0.0
10,4,-1,8,5420,0.0014760147601476014,0.0
10,4,-1,9,5420,0.00018450184501845018,0.0
10,4,0,4,5420,0.07767527675276753,0.008302583025830259
10,4,0,5,5420,0.03856088560885609,0.0009225092250922509
10,4,0,6,5420,0.014760147601476014,0.00036900369003690036
10,4,0,7,5420,0.005904059040590406,0.0
10,4,0,8,5420,0.0014760147601476014,0.0
10,4,0,9,5420,0.00018450184501845018,0.0
10,4,1,4,5420,0.07767527675276753,0.008302583025830259
10,4,1,5,5420,0.03856088560885609,0.0009225092250922509
10,4,1,6,5420,0.014760147601476014,0.00036900369003690036
10,4,1,7,5420,0.005904059040590406,0.0
10,4,1,8,5420,0.0014760147601476014,0.0
10,4,1,9,5420,0.00018450184501845018,0.0
10,4,2,4,5420,0.07767527675276753,0.008302583025830259
10,4,2,5,5420,0.03856088560885609,0.0009225092250922509
10,4,2,6,5420,0.014760147601476014,0.00036900369003690036
10,4,2,7,5420,0.005904059040590406,0.0
10,4,2,8,5420,0.0014760147601476014,0.0
10,4,2,9,5420,0.00018450184501845018,0.0
10,4,3,4,5420,0.07767527675276753,0.008302583025830259
10,4,3,5,5420,0.03856088560885609,0.0009225092250922509
10,4,3,6,5420,0.014760147601476014,0.00036900369003690036
10,4,3,7,5420,0.005904059040590406,0.0
10,4,3,8,5420,0.0014760147601476014,0.0
10,4,3,9,5420,0.00018450184501845018,0.0
10,4,4,4,5420,0.07767527675276753,0.008302583025830259
10,4,4,5,5420,0.03856088560885609,0.0009225092250922509
10,4,4,6,5420,0.014760147601476014,0.00036900369003690036
10,4,4,7,5420,0.005904059040590406,0.0
10,4,4,8,5420,0.0014760147601476014,0.0
10,4,4,9,5420,0.00018450184501845018,0.0
10,4,5,4,5420,0.07767527675276753,0.008302583025830259
10,4,5,5,5420,0.03856088560885609,0.0009225092250922509
10,4,5,6,5420,0.014760147601476014,0.00036900369003690036
10,4,5,7,5420,0.005904059040590406,0.0
10,4,5,8,5420,0.0014760147601476014,0.0
10,4,5,9,5420,0.00018450184501845018,0.0
10,5,-5,5,5420,0.016420664206642066,0.0035055350553505533
10,5,-5,6,5420,0.007380073800738007,0.0016605166051660517
10,5,-5,7,5420,0.002952029520295203,0.0007380073800738007
10,5,-5,8,5420,0.0014760147601476014,0.00018450184501845018
10,5,-5,9,5420,0.0009225092250922509,0.0
10,5,-5,10,5420,0.0005535055350553505,0.0
10,5,-4,5,5420,0.016420664206642066,0.0035055350553505533
10,5,-4,6,5420,0.007380073800738007,0.0016605166051660517
10,5,-4,7,5420,0.002952029520295203,0.0007380073800738007
10,5,-4,8,5420,0.0014760147601476014,0.00018450184501845018
10,5,-4,9,5420,0.0009225092250922509,0.0
10,5,-4,10,5420,0.0005535055350553505,0.0
10,5,-3,5,5420,0.016420664206642066,0.0035055350553505533
10,5,-3,6,5420,0.007380073800738007,0.0016605166051660517
10,5,-3,7,5420,0.002952029520295203,0.0007380073800738007
10,5,-3,8,5420,0.0014760147601476014,0.00018450184501845018
10,5,-3,9,5420,0.0009225092250922509,0.0
10,5,-3,10,5420,0.0005535055350553505,0.0
10,5,-2,5,5420,0.016420664206642066,0.0035055350553505533
10,5,-2,6,5420,0.007380073800738007,0.0016605166051660517
10,5,-2,7,5420,0.002952029520295203,0.0007380073800738007
10,5,-2,8,5420,0.0014760147601476014,0.00018450184501845018
10,5,-2,9,5420,0.0009225092250922509,0.0
10,5,-2,10,5420,0.0005535055350553505,0.0
10,5,-1,5,5420,0.016420664206642066,0.0035055350553505533
10,5,-1,6,5420,0.007380073800738007,0.0016605166051660517
10,5,-1,7,5420,0.002952029520295203,0.0007380073800738007
10,5,-1,8,5420,0.0014760147601476014,0.00018450184501845018
10,5,-1,9,5420,0.0009225092250922509,0.0
10,5,-1,10,5420,0.0005535055350553505,0.0
10,5,0,5,5420,0.016420664206642066,0.0035055350553505533
10,5,0,6,5420,0.007380073800738007,0.0016605166051660517
10,5,0,7,5420,0.002952029520295203,0.0007380073800738007
10,5,0,8,5420,0.0014760147601476014,0.00018450184501845018
10,5,0,9,5420,0.0009225092250922509,0.0
10,5,0,10,5420,0.0005535055350553505,0.0
10,5,1,5,5420,0.016420664206642066,0.0035055350553505533
10,5,1,6,5420,0.007380073800738007,0.0016605166051660517
10,5,1,7,5420,0.002952029520295203,0.0007380073800738007
10,5,1,8,5420,0.0014760147601476014,0.00018450184501845018
10,5,1,9,5420,0.0009225092250922509,0.0
10,5,1,10,5420,0.0005535055350553505,0.0
10,5,2,5,5420,0.016420664206642066,0.0035055350553505533
10,5,2,6,5420,0.007380073800738007,0.0016605166051660517
10,5,2,7,5420,0.002952029520295203,0.0007380073800738007
10,5,2,8,5420,0.0014760147601476014,0.00018450184501845018
10,5,2,9,5420,0.0009225092250922509,0.0
10,5,2,10,5420,0.0005535055350553505,0.0
10,5,3,5,5420,0.016420664206642066,0.0035055350553505533
10,5,3,6,5420,0.007380073800738007,0.0016605166051660517
10,5,3,7,5420,0.002952029520295203,0.0007380073800738007
10,5,3,8,5420,0.0014760147601476014,0.00018450184501845018
10,5,3,9,5420,0.0009225092250922509,0.0
10,5,3,10,5420,0.0005535055350553505,0.0
10,5,4,5,5420,0.016420664206642066,0.0035055350553505533
10,5,4,6,5420,0.007380073800738007,0.0016605166051660517
10,5,4,7,5420,0.002952029520295203,0.0007380073800738007
10,5,4,8,5420,0.0014760147601476014,0.00018450184501845018
10,5,4,9,5420,0.0009225092250922509,0.0
10,5,4,10,5420,0.0005535055350553505,0.0
10,5,5,5,5420,0.016420664206642066,0.0035055350553505533
10,5,5,6,5420,0.007380073800738007,0.0016605166051660517
10,5,5,7,5420,0.002952029520295203,0.0007380073800738007
10,5,5,8,5420,0.0014760147601476014,0.00018450184501845018
10,5,5,9,5420,0.0009225092250922509,0.0
10,5,5,10,5420,0.0005535055350553505,0.0
10,6,-5,6,5420,0.005904059040590406,0.0014760147601476014
10,6,-5,7,5420,0.002214022140221402,0.00036900369003690036
10,6,-5,8,5420,0.0014760147601476014,0.00018450184501845018
10,6,-5,9,5420,0.00036900369003690036,0.00018450184501845018
10,6,-5,10,5420,0.0,0.00018450184501845018
10,6,-4,6,5420,0.005904059040590406,0.0014760147601476014
10,6,-4,7,5420,0.002214022140221402,0.00036900369003690036
10,6,-4,8,5420,0.0014760147601476014,0.00018450184501845018
10,6,-4,9,5420,0.00036900369003690036,0.00018450184501845018
10,6,-4,10,5420,0.0,0.00018450184501845018
10,6,-3,6,5420,0.005904059040590406,0.0014760147601476014
10,6,-3,7,5420,0.002214022140221402,0.00036900369003690036
10,6,-3,8,5420,0.0014760147601476014,0.00018450184501845018
10,6,-3,9,5420,0.00036900369003690036,0.00018450184501845018
10,6,-3,10,5420,0.0,0.00018450184501845018
10,6,-2,6,5420,0.005904059040590406,0.0014760147601476014
10,6,-2,7,5420,0.002214022140221402,0.00036900369003690036
10,6,-2,8,5420,0.0014760147601476014,0.00018450184501845018
10,6,-2,9,5420,0.00036900369003690036,0.00018450184501845018
10,6,-2,10,5420,0.0,0.00018450184501845018
10,6,-1,6,5420,0.005904059040590406,0.0014760147601476014
10,6,-1,7,5420,0.002214022140221402,0.00036900369003690036
10,6,-1,8,5420,0.0014760147601476014,0.00018450184501845018
10,6,-1,9,5420,0.00036900369003690036,0.00018450184501845018
10,6,-1,10,5420,0.0,0.00018450184501845018
10,6,0,6,5420,0.005904059040590406,0.0014760147601476014
10,6,0,7,5420,0.002214022140221402,0.00036900369003690036
10,6,0,8,5420,0.0014760147601476014,0.00018450184501845018
10,6,0,9,5420,0.00036900369003690036,0.00018450184501845018
10,6,0,10,5420,0.0,0.00018450184501845018
10,6,1,6,5420,0.005904059040590406,0.0014760147601476014
10,6,1,7,5420,0.002214022140221402,0.00036900369003690036
10,6,1,8,5420,0.0014760147601476014,0.00018450184501845018
10,6,1,9,5420,0.00036900369003690036,0.00018450184501845018
10,6,1,10,5420,0.0,0.00018450184501845018
10,6,2,6,5420,0.005904059040590406,0.0014760147601476014
10,6,2,7,5420,0.002214022140221402,0.00036900369003690036
10,6,2,8,5420,0.0014760147601476014,0.00018450184501845018
10,6,2,9,5420,0.00036900369003690036,0.00018450184501845018
10,6,2,10,5420,0.0,0.00018450184501845018
10,6,3,6,5420,0.005904059040590406,0.0014760147601476014
10,6,3,7,5420,0.002214022140221402,0.00036900369003690036
10,6,3,8,5420,0.0014760147601476014,0.00018450184501845018
10,6,3,9,5420,0.00036900369003690036,0.00018450184501845018
10,6,3,10,5420,0.0,0.00018450184501845018
10,6,4,6,5420,0.005904059040590406,0.0014760147601476014
10,6,4,7,5420,0.002214022140221402,0.00036900369003690036
10,6,4,8,5420,0.0014760147601476014,0.00018450184501845018
10,6,4,9,5420,0.00036900369003690036,0.00018450184501845018
10,6,4,10,5420,0.0,0.00018450184501845018
10,6,5,6,5420,0.005904059040590406,0.0014760147601476014
10,6,5,7,5420,0.002214022140221402,0.00036900369003690036
10,6,5,8,5420,0.0014760147601476014,0.00018450184501845018
10,6,5,9,5420,0.00036900369003690036,0.00018450184501845018
10,6,5,10,5420,0.0,0.00018450184501845018
20,1,-5,1,5420,0.5826568265682657,0.4173431734317343
20,1,-5,2,5420,0.4833948339483395,0.18837638376383764
20,1,-5,3,5420,0.3501845018450184,0.07693726937269373
20,1,-5,4,5420,0.20830258302583027,0.02988929889298893
20,1,-5,5,5420,0.10719557195571956,0.010885608856088561
20,1,-5,6,5420,0.046678966789667896,0.003874538745387454
20,1,-5,7,5420,0.018819188191881917,0.0012915129151291514
20,1,-5,8,5420,0.005535055350553505,0.0
20,1,-5,9,5420,0.0014760147601476014,0.0
20,1,-5,10,5420,0.0007380073800738007,0.0
20,1,-4,1,5420,0.5826568265682657,0.4173431734317343
20,1,-4,2,5420,0.4833948339483395,0.18837638376383764
20,1,-4,3,5420,0.3501845018450184,0.07693726937269373
20,1,-4,4,5420,0.20830258302583027,0.02988929889298893
20,1,-4,5,5420,0.10719557195571956,0.010885608856088561
20,1,-4,6,5420,0.046678966789667896,0.003874538745387454
20,1,-4,7,5420,0.018819188191881917,0.0012915129151291514
20,1,-4,8,5420,0.005535055350553505,0.0
20,1,-4,9,5420,0.0014760147601476014,0.0
20,1,-4,10,5420,0.0007380073800738007,0.0
20,1,-3,1,5420,0.5826568265682657,0.4173431734317343
20,1,-3,2,5420,0.4833948339483395,0.18837638376383764
20,1,-3,3,5420,0.3501845018450184,0.07693726937269373
20,1,-3,4,5420,0.20830258302583027,0.02988929889298893
20,1,-3,5,5420,0.10719557195571956,0.010885608856088561
20,1,-3,6,5420,0.046678966789667896,0.003874538745387454
20,1,-3,7,5420,0.018819188191881917,0.0012915129151291514
20,1,-3,8,5420,0.005535055350553505,0.0
20,1,-3,9,5420,0.0014760147601476014,0.0
20,1,-3,10,5420,0.0007380073800738007,0.0
20,1,-2,1,5420,0.5826568265682657,0.4173431734317343
20,1,-2,2,5420,0.4833948339483395,0.18837638376383764
20,1,-2,3,5420,0.3501845018450184,0.07693726937269373
20,1,-2,4,5420,0.20830258302583027,0.02988929889298893
20,1,-2,5,5420,0.10719557195571956,0.010885608856088561
20,1,-2,6,5420,0.046678966789667896,0.003874538745387454
20,1,-2,7,5420,0.018819188191881917,0.0012915129151291514
20,1,-2,8,5420,0.005535055350553505,0.0
20,1,-2,9,5420,0.0014760147601476014,0.0
20,1,-2,10,5420,0.0007380073800738007,0.0
20,1,-1,1,5420,0.5826568265682657,0.4173431734317343
20,1,-1,2,5420,0.4833948339483395,0.18837638376383764
20,1,-1,3,5420,0.3501845018450184,0.07693726937269373
20,1,-1,4,5420,0.20830258302583027,0.02988929889298893
20,1,-1,5,5420,0.10719557195571956,0.010885608856088561
20,1,-1,6,5420,0.046678966789667896,0.003874538745387454
20,1,-1,7,5420,0.018819188191881917,0.0012915129151291514
20,1,-1,8,5420,0.005535055350553505,0.0
20,1,-1,9,5420,0.0014760147601476014,0.0
20,1,-1,10,5420,0.0007380073800738007,0.0
20,1,0,1,5420,0.5826568265682657,0.4173431734317343
20,1,0,2,5420,0.4833948339483395,0.18837638376383764
20,1,0,3,5420,0.3501845018450184,0.07693726937269373
20,1,0,4,5420,0.20830258302583027,0.02988929889298893
20,1,0,5,5420,0.10719557195571956,0.010885608856088561
20,1,0,6,5420,0.046678966789667896,0.003874538745387454
20,1,0,7,5420,0.018819188191881917,0.0012915129151291514
20,1,0,8,5420,0.005535055350553505,0.0
20,1,0,9,5420,0.0014760147601476014,0.0
20,1,0,10,5420,0.0007380073800738007,0.0
20,1,1,1,5420,0.5826568265682657,0.4173431734317343
20,1,1,2,5420,0.4833948339483395,0.18837638376383764
20,1,1,3,5420,0.3501845018450184,0.07693726937269373
20,1,1,4,5420,0.20830258302583027,0.02988929889298893
20,1,1,5,5420,0.10719557195571956,0.010885608856088561
20,1,1,6,5420,0.046678966789667896,0.003874538745387454
20,1,1,7,5420,0.018819188191881917,0.0012915129151291514
20,1,1,8,5420,0.005535055350553505,0.0
20,1,1,9,5420,0.0014760147601476014,0.0
20,1,1,10,5420,0.0007380073800738007,0.0
20,1,2,1,5420,0.5826568265682657,0.4173431734317343
20,1,2,2,5420,0.4833948339483395,0.18837638376383764
20,1,2,3,5420,0.3501845018450184,0.07693726937269373
20,1,2,4,5420,0.20830258302583027,0.02988929889298893
20,1,2,5,5420,0.10719557195571956,0.010885608856088561
20,1,2,6,5420,0.046678966789667896,0.003874538745387454
20,1,2,7,5420,0.018819188191881917,0.0012915129151291514
20,1,2,8,5420,0.005535055350553505,0.0
20,1,2,9,5420,0.0014760147601476014,0.0
20,1,2,10,5420,0.0007380073800738007,0.0
20,1,3,1,5420,0.5826568265682657,0.4173431734317343
20,1,3,2,5420,0.4833948339483395,0.18837638376383764
20,1,3,3,5420,0.3501845018450184,0.07693726937269373
20,1,3,4,5420,0.20830258302583027,0.02988929889298893
20,1,3,5,5420,0.10719557195571956,0.010885608856088561
20,1,3,6,5420,0.046678966789667896,0.003874538745387454
20,1,3,7,5420,0.018819188191881917,0.0012915129151291514
20,1,3,8,5420,0.005535055350553505,0.0
20,1,3,9,5420,0.0014760147601476014,0.0
20,1,3,10,5420,0.0007380073800738007,0.0
20,1,4,1,5420,0.5826568265682657,0.4173431734317343
20,1,4,2,5420,0.4833948339483395,0.18837638376383764
20,1,4,3,5420,0.3501845018450184,0.07693726937269373
20,1,4,4,5420,0.20830258302583027,0.02988929889298893
20,1,4,5,5420,0.10719557195571956,0.010885608856088561
20,1,4,6,5420,0.046678966789667896,0.003874538745387454
20,1,4,7,5420,0.018819188191881917,0.0012915129151291514
20,1,4,8,5420,0.005535055350553505,0.0
20,1,4,9,5420,0.0014760147601476014,0.0
20,1,4,10,5420,0.0007380073800738007,0.0
20,1,5,1,5420,0.5826568265682657,0.4173431734317343
20,1,5,2,5420,0.4833948339483395,0.18837638376383764
20,1,5,3,5420,0.3501845018450184,0.07693726937269373
20,1,5,4,5420,0.20830258302583027,0.02988929889298893
20,1,5,5,5420,0.10719557195571956,0.010885608856088561
20,1,5,6,5420,0.046678966789667896,0.003874538745387454
20,1,5,7,5420,0.018819188191881917,0.0012915129151291514
20,1,5,8,5420,0.005535055350553505,0.0
20,1,5,9,5420,0.0014760147601476014,0.0
20,1,5,10,5420,0.0007380073800738007,0.0
20,2,-5,2,5420,0.3359778597785978,0.032103321033210334
20,2,-5,3,5420,0.15350553505535056,0.008118081180811807
20,2,-5,4,5420,0.06420664206642067,0.0018450184501845018
20,2,-5,5,5420,0.026568265682656828,0.00036900369003690036
20,2,-5,6,5420,0.010701107011070111,0.0
20,2,-5,7,5420,0.004797047970479705,0.0
20,2,-5,8,5420,0.0009225092250922509,0.0
20,2,-5,9,5420,0.00018450184501845018,0.0
20,2,-5,10,5420,0.00018450184501845018,0.0
20,2,-4,2,5420,0.3359778597785978,0.032103321033210334
20,2,-4,3,5420,0.15350553505535056,0.008118081180811807
20,2,-4,4,5420,0.06420664206642067,0.0018450184501845018
20,2,-4,5,5420,0.026568265682656828,0.00036900369003690036
20,2,-4,6,5420,0.010701107011070111,0.0
20,2,-4,7,5420,0.004797047970479705,0.0
20,2,-4,8,5420,0.0009225092250922509,0.0
20,2,-4,9,5420,0.00018450184501845018,0.0
20,2,-4,10,5420,0.00018450184501845018,0.0
20,2,-3,2,5420,0.3359778597785978,0.032103321033210334
20,2,-3,3,5420,0.15350553505535056,0.008118081180811807
20,2,-3,4,5420,0.06420664206642067,0.0018450184501845018
20,2,-3,5,5420,0.026568265682656828,0.00036900369003690036
20,2,-3,6,5420,0.010701107011070111,0.0
20,2,-3,7,5420,0.004797047970479705,0.0
20,2,-3,8,5420,0.0009225092250922509,0.0
20,2,-3,9,5420,0.00018450184501845018,0.0
20,2,-3,10,5420,0.00018450184501845018,0.0
20,2,-2,2,5420,0.3359778597785978,0.032103321033210334
20,2,-2,3,5420,0.15350553505535056,0.008118081180811807
20,2,-2,4,5420,0.06420664206642067,0.0018450184501845018
20,2,-2,5,5420,0.026568265682656828,0.00036900369003690036
20,2,-2,6,5420,0.010701107011070111,0.0
20,2,-2,7,5420,0.004797047970479705,0.0
20,2,-2,8,5420,0.0009225092250922509,0.0
20,2,-2,9,5420,0.00018450184501845018,0.0
20,2,-2,10,5420,0.00018450184501845018,0.0
20,2,-1,2,5420,0.3359778597785978,0.032103321033210334
20,2,-1,3,5420,0.15350553505535056,0.008118081180811807
20,2,-1,4,5420,0.06420664206642067,0.0018450184501845018
20,2,-1,5,5420,0.026568265682656828,0.00036900369003690036
20,2,-1,6,5420,0.010701107011070111,0.0
20,2,-1,7,5420,0.004797047970479705,0.0
20,2,-1,8,5420,0.0009225092250922509,0.0
20,2,-1,9,5420,0.00018450184501845018,0.0
20,2,-1,10,5420,0.00018450184501845018,0.0
20,2,0,2,5420,0.3359778597785978,0.032103321033210334
20,2,0,3,5420,0.15350553505535056,0.008118081180811807
20,2,0,4,5420,0.06420664206642067,0.0018450184501845018
20,2,0,5,5420,0.026568265682656828,0.00036900369003690036
20,2,0,6,5420,0.010701107011070111,0.0
20,2,0,7,5420,0.004797047970479705,0.0
20,2,0,8,5420,0.0009225092250922509,0.0
20,2,0,9,5420,0.00018450184501845018,0.0
20,2,0,10,5420,0.00018450184501845018,0.0
20,2,1,2,5420,0.3359778597785978,0.032103321033210334
20,2,1,3,5420,0.15350553505535056,0.008118081180811807
20,2,1,4,5420,0.06420664206642067,0.0018450184501845018
20,2,1,5,5420,0.026568265682656828,0.00036900369003690036
20,2,1,6,5420,0.010701107011070111,0.0
20,2,1,7,5420,0.004797047970479705,0.0
20,2,1,8,5420,0.0009225092250922509,0.0
20,2,1,9,5420,0.00018450184501845018,0.0
20,2,1,10,5420,0.00018450184501845018,0.0
20,2,2,2,5420,0.3359778597785978,0.032103321033210334
20,2,2,3,5420,0.15350553505535056,0.008118081180811807
20,2,2,4,5420,0.06420664206642067,0.0018450184501845018
20,2,2,5,5420,0.026568265682656828,0.00036900369003690036
20,2,2,6,5420,0.010701107011070111,0.0
20,2,2,7,5420,0.004797047970479705,0.0
20,2,2,8,5420,0.0009225092250922509,0.0
20,2,2,9,5420,0.00018450184501845018,0.0
20,2,2,10,5420,0.00018450184501845018,0.0
20,2,3,2,5420,0.3359778597785978,0.032103321033210334
20,2,3,3,5420,0.15350553505535056,0.008118081180811807
20,2,3,4,5420,0.06420664206642067,0.0018450184501845018
20,2,3,5,5420,0.026568265682656828,0.00036900369003690036
20,2,3,6,5420,0.010701107011070111,0.0
20,2,3,7,5420,0.004797047970479705,0.0
20,2,3,8,5420,0.0009225092250922509,0.0
20,2,3,9,5420,0.00018450184501845018,0.0
20,2,3,10,5420,0.00018450184501845018,0.0
20,2,4,2,5420,0.3359778597785978,0.032103321033210334
20,2,4,3,5420,0.15350553505535056,0.008118081180811807
20,2,4,4,5420,0.06420664206642067,0.0018450184501845018
20,2,4,5,5420,0.026568265682656828,0.00036900369003690036
20,2,4,6,5420,0.010701107011070111,0.0
20,2,4,7,5420,0.004797047970479705,0.0
20,2,4,8,5420,0.0009225092250922509,0.0
20,2,4,9,5420,0.00018450184501845018,0.0
20,2,4,10,5420,0.00018450184501845018,0.0
20,2,5,2,5420,0.3359778597785978,0.032103321033210334
20,2,5,3,5420,0.15350553505535056,0.008118081180811807
20,2,5,4,5420,0.06420664206642067,0.0018450184501845018
20,2,5,5,5420,0.026568265682656828,0.00036900369003690036
20,2,5,6,5420,0.010701107011070111,0.0
20,2,5,7,5420,0.004797047970479705,0.0
20,2,5,8,5420,0.0009225092250922509,0.0
20,2,5,9,5420,0.00018450184501845018,0.0
20,2,5,10,5420,0.00018450184501845018,0.0
20,3,-5,3,5420,0.15129151291512916,0.014575645756457565
20,3,-5,4,5420,0.07214022140221402,0.003136531365313653
20,3,-5,5,5420,0.026199261992619925,0.001107011070110701
20,3,-5,6,5420,0.006273062730627306,0.00036900369003690036
20,3,-5,7,5420,0.002214022140221402,0.00018450184501845018
20,3,-5,8,5420,0.00036900369003690036,0.0
20,3,-4,3,5420,0.15129151291512916,0.014575645756457565
20,3,-4,4,5420,0.07214022140221402,0.003136531365313653
20,3,-4,5,5420,0.026199261992619925,0.001107011070110701
20,3,-4,6,5420,0.006273062730627306,0.00036900369003690036
20,3,-4,7,5420,0.002214022140221402,0.00018450184501845018
20,3,-4,8,5420,0.00036900369003690036,0.0
20,3,-3,3,5420,0.15129151291512916,0.014575645756457565
20,3,-3,4,5420,0.07214022140221402,0.003136531365313653
20,3,-3,5,5420,0.026199261992619925,0.001107011070110701
20,3,-3,6,5420,0.006273062730627306,0.00036900369003690036
20,3,-3,7,5420,0.002214022140221402,0.00018450184501845018
20,3,-3,8,5420,0.00036900369003690036,0.0
20,3,-2,3,5420,0.15129151291512916,0.014575645756457565
20,3,-2,4,5420,0.07214022140221402,0.003136531365313653
20,3,-2,5,5420,0.026199261992619925,0.001107011070110701
20,3,-2,6,5420,0.006273062730627306,0.00036900369003690036
20,3,-2,7,5420,0.002214022140221402,0.00018450184501845018
20,3,-2,8,5420,0.00036900369003690036,0.0
20,3,-1,3,5420,0.15129151291512916,0.014575645756457565
20,3,-1,4,5420,0.07214022140221402,0.003136531365313653
20,3,-1,5,5420,0.026199261992619925,0.001107011070110701
20,3,-1,6,5420,0.006273062730627306,0.00036900369003690036
20,3,-1,7,5420,0.002214022140221402,0.00018450184501845018
20,3,-1,8,5420,0.00036900369003690036,0.0
20,3,0,3,5420,0.15129151291512916,0.014575645756457565
20,3,0,4,5420,0.07214022140221402,0.003136531365313653
20,3,0,5,5420,0.026199261992619925,0.001107011070110701
20,3,0,6,5420,0.006273062730627306,0.00036900369003690036
20,3,0,7,5420,0.002214022140221402,0.00018450184501845018
20,3,0,8,5420,0.00036900369003690036,0.0
20,3,1,3,5420,0.15129151291512916,0.014575645756457565
20,3,1,4,5420,0.07214022140221402,0.003136531365313653
20,3,1,5,5420,0.026199261992619925,0.001107011070110701
20,3,1,6,5420,0.006273062730627306,0.00036900369003690036
20,3,1,7,5420,0.002214022140221402,0.00018450184501845018
20,3,1,8,5420,0.00036900369003690036,0.0
20,3,2,3,5420,0.15129151291512916,0.014575645756457565
20,3,2,4,5420,0.07214022140221402,0.003136531365313653
20,3,2,5,5420,0.026199261992619925,0.001107011070110701
20,3,2,6,5420,0.006273062730627306,0.00036900369003690036
20,3,2,7,5420,0.002214022140221402,0.00018450184501845018
20,3,2,8,5420,0.00036900369003690036,0.0
20,3,3,3,5420,0.15129151291512916,0.014575645756457565
20,3,3,4,5420,0.07214022140221402,0.003136531365313653
20,3,3,5,5420,0.026199261992619925,0.001107011070110701
20,3,3,6,5420,0.006273062730627306,0.00036900369003690036
20,3,3,7,5420,0.002214022140221402,0.00018450184501845018
20,3,3,8,5420,0.00036900369003690036,0.0
20,3,4,3,5420,0.15129151291512916,0.014575645756457565
20,3,4,4,5420,0.07214022140221402,0.003136531365313653
20,3,4,5,5420,0.026199261992619925,0.001107011070110701
20,3,4,6,5420,0.006273062730627306,0.00036900369003690036
20,3,4,7,5420,0.002214022140221402,0.00018450184501845018
20,3,4,8,5420,0.00036900369003690036,0.0
20,3,5,3,5420,0.15129151291512916,0.014575645756457565
20,3,5,4,5420,0.07214022140221402,0.003136531365313653
20,3,5,5,5420,0.026199261992619925,0.001107011070110701
20,3,5,6,5420,0.006273062730627306,0.00036900369003690036
20,3,5,7,5420,0.002214022140221402,0.00018450184501845018
20,3,5,8,5420,0.00036900369003690036,0.0
20,4,-5,4,5420,0.07767527675276753,0.008302583025830259
20,4,-5,5,5420,0.03856088560885609,0.0009225092250922509
20,4,-5,6,5420,0.014760147601476014,0.00036900369003690036
20,4,-5,7,5420,0.005904059040590406,0.0
20,4,-5,8,5420,0.0014760147601476014,0.0
20,4,-5,9,5420,0.00018450184501845018,0.0
20,4,-4,4,5420,0.07767527675276753,0.008302583025830259
20,4,-4,5,5420,0.03856088560885609,0.0009225092250922509
20,4,-4,6,5420,0.014760147601476014,0.00036900369003690036
20,4,-4,7,5420,0.005904059040590406,0.0
20,4,-4,8,5420,0.0014760147601476014,0.0
20,4,-4,9,5420,0.00018450184501845018,0.0
20,4,-3,4,5420,0.07767527675276753,0.008302583025830259
20,4,-3,5,5420,0.03856088560885609,0.0009225092250922509
20,4,-3,6,5420,0.014760147601476014,0.00036900369003690036
20,4,-3,7,5420,0.005904059040590406,0.0
20,4,-3,8,5420,0.0014760147601476014,0.0
20,4,-3,9,5420,0.00018450184501845018,0.0
20,4,-2,4,5420,0.07767527675276753,0.008302583025830259
20,4,-2,5,5420,0.03856088560885609,0.0009225092250922509
20,4,-2,6,5420,0.014760147601476014,0.00036900369003690036
20,4,-2,7,5420,0.005904059040590406,0.0
20,4,-2,8,5420,0.0014760147601476014,0.0
20,4,-2,9,5420,0.00018450184501845018,0.0
20,4,-1,4,5420,0.07767527675276753,0.008302583025830259
20,4,-1,5,5420,0.03856088560885609,0.0009225092250922509
20,4,-1,6,5420,0.014760147601476014,0.00036900369003690036
20,4,-1,7,5420,0.005904059040590406,0.0
20,4,-1,8,5420,0.0014760147601476014,0.0
20,4,-1,9,5420,0.00018450184501845018,0.0
20,4,0,4,5420,0.07767527675276753,0.008302583025830259
20,4,0,5,5420,0.03856088560885609,0.0009225092250922509
20,4,0,6,5420,0.014760147601476014,0.00036900369003690036
20,4,0,7,5420,0.005904059040590406,0.0
20,4,0,8,5420,0.0014760147601476014,0.0
20,4,0,9,5420,0.00018450184501845018,0.0
20,4,1,4,5420,0.07767527675276753,0.008302583025830259
20,4,1,5,5420,0.03856088560885609,0.0009225092250922509
20,4,1,6,5420,0.014760147601476014,0.00036900369003690036
20,4,1,7,5420,0.005904059040590406,0.0
20,4,1,8,5420,0.0014760147601476014,0.0
20,4,1,9,5420,0.00018450184501845018,0.0
20,4,2,4,5420,0.07767527675276753,0.008302583025830259
20,4,2,5,5420,0.03856088560885609,0.0009225092250922509
20,4,2,6,5420,0.014760147601476014,0.00036900369003690036
20,4,2,7,5420,0.005904059040590406,0.0
20,4,2,8,5420,0.0014760147601476014,0.0
20,4,2,9,5420,0.00018450184501845018,0.0
20,4,3,4,5420,0.07767527675276753,0.008302583025830259
20,4,3,5,5420,0.03856088560885609,0.0009225092250922509
20,4,3,6,5420,0.014760147601476014,0.00036900369003690036
20,4,3,7,5420,0.005904059040590406,0.0
20,4,3,8,5420,0.0014760147601476014,0.0
20,4,3,9,5420,0.00018450184501845018,0.0
20,4,4,4,5420,0.07767527675276753,0.008302583025830259
20,4,4,5,5420,0.03856088560885609,0.0009225092250922509
20,4,4,6,5420,0.014760147601476014,0.00036900369003690036
20,4,4,7,5420,0.005904059040590406,0.0
20,4,4,8,5420,0.0014760147601476014,0.0
20,4,4,9,5420,0.00018450184501845018,0.0
20,4,5,4,5420,0.07767527675276753,0.008302583025830259
20,4,5,5,5420,0.03856088560885609,0.0009225092250922509
20,4,5,6,5420,0.014760147601476014,0.00036900369003690036
20,4,5,7,5420,0.005904059040590406,0.0
20,4,5,8,5420,0.0014760147601476014,0.0
20,4,5,9,5420,0.00018450184501845018,0.0
20,5,-5,5,5420,0.016420664206642066,0.0035055350553505533
20,5,-5,6,5420,0.007380073800738007,0.0016605166051660517
20,5,-5,7,5420,0.002952029520295203,0.0007380073800738007
20,5,-5,8,5420,0.0014760147601476014,0.00018450184501845018
20,5,-5,9,5420,0.0009225092250922509,0.0
20,5,-5,10,5420,0.0005535055350553505,0.0
20,5,-4,5,5420,0.016420664206642066,0.0035055350553505533
20,5,-4,6,5420,0.007380073800738007,0.0016605166051660517
20,5,-4,7,5420,0.002952029520295203,0.0007380073800738007
20,5,-4,8,5420,0.0014760147601476014,0.00018450184501845018
20,5,-4,9,5420,0.0009225092250922509,0.0
20,5,-4,10,5420,0.0005535055350553505,0.0
20,5,-3,5,5420,0.016420664206642066,0.0035055350553505533
20,5,-3,6,5420,0.007380073800738007,0.0016605166051660517
20,5,-3,7,5420,0.002952029520295203,0.0007380073800738007
20,5,-3,8,5420,0.0014760147601476014,0.00018450184501845018
20,5,-3,9,5420,0.0009225092250922509,0.0
20,5,-3,10,5420,0.0005535055350553505,0.0
20,5,-2,5,5420,0.016420664206642066,0.0035055350553505533
20,5,-2,6,5420,0.007380073800738007,0.0016605166051660517
20,5,-2,7,5420,0.002952029520295203,0.0007380073800738007
20,5,-2,8,5420,0.0014760147601476014,0.00018450184501845018
20,5,-2,9,5420,0.0009225092250922509,0.0
20,5,-2,10,5420,0.0005535055350553505,0.0
20,5,-1,5,5420,0.016420664206642066,0.0035055350553505533
20,5,-1,6,5420,0.007380073800738007,0.0016605166051660517
20,5,-1,7,5420,0.002952029520295203,0.0007380073800738007
20,5,-1,8,5420,0.0014760147601476014,0.00018450184501845018
20,5,-1,9,5420,0.0009225092250922509,0.0
20,5,-1,10,5420,0.0005535055350553505,0.0
20,5,0,5,5420,0.016420664206642066,0.0035055350553505533
20,5,0,6,5420,0.007380073800738007,0.0016605166051660517
20,5,0,7,5420,0.002952029520295203,0.0007380073800738007
20,5,0,8,5420,0.0014760147601476014,0.00018450184501845018
20,5,0,9,5420,0.0009225092250922509,0.0
20,5,0,10,5420,0.0005535055350553505,0.0
20,5,1,5,5420,0.016420664206642066,0.0035055350553505533
20,5,1,6,5420,0.007380073800738007,0.0016605166051660517
20,5,1,7,5420,0.002952029520295203,0.0007380073800738007
20,5,1,8,5420,0.0014760147601476014,0.00018450184501845018
20,5,1,9,5420,0.0009225092250922509,0.0
20,5,1,10,5420,0.0005535055350553505,0.0
20,5,2,5,5420,0.016420664206642066,0.0035055350553505533
20,5,2,6,5420,0.007380073800738007,0.0016605166051660517
20,5,2,7,5420,0.002952029520295203,0.0007380073800738007
20,5,2,8,5420,0.0014760147601476014,0.00018450184501845018
20,5,2,9,5420,0.0009225092250922509,0.0
20,5,2,10,5420,0.0005535055350553505,0.0
20,5,3,5,5420,0.016420664206642066,0.0035055350553505533
20,5,3,6,5420,0.007380073800738007,0.0016605166051660517
20,5,3,7,5420,0.002952029520295203,0.0007380073800738007
20,5,3,8,5420,0.0014760147601476014,0.00018450184501845018
20,5,3,9,5420,0.0009225092250922509,0.0
20,5,3,10,5420,0.0005535055350553505,0.0
20,5,4,5,5420,0.016420664206642066,0.0035055350553505533
20,5,4,6,5420,0.007380073800738007,0.0016605166051660517
20,5,4,7,5420,0.002952029520295203,0.0007380073800738007
20,5,4,8,5420,0.0014760147601476014,0.00018450184501845018
20,5,4,9,5420,0.0009225092250922509,0.0
20,5,4,10,5420,0.0005535055350553505,0.0
20,5,5,5,5420,0.016420664206642066,0.0035055350553505533
20,5,5,6,5420,0.007380073800738007,0.0016605166051660517
20,5,5,7,5420,0.002952029520295203,0.0007380073800738007
20,5,5,8,5420,0.0014760147601476014,0.00018450184501845018
20,5,5,9,5420,0.0009225092250922509,0.0
20,5,5,10,5420,0.0005535055350553505,0.0
20,6,-5,6,5420,0.005904059040590406,0.0014760147601476014
20,6,-5,7,5420,0.002214022140221402,0.00036900369003690036
20,6,-5,8,5420,0.0014760147601476014,0.00018450184501845018
20,6,-5,9,5420,0.00036900369003690036,0.00018450184501845018
20,6,-5,10,5420,0.0,0.00018450184501845018
20,6,-4,6,5420,0.005904059040590406,0.0014760147601476014
20,6,-4,7,5420,0.002214022140221402,0.00036900369003690036
20,6,-4,8,5420,0.0014760147601476014,0.00018450184501845018
20,6,-4,9,5420,0.00036900369003690036,0.00018450184501845018
20,6,-4,10,5420,0.0,0.00018450184501845018
20,6,-3,6,5420,0.005904059040590406,0.0014760147601476014
20,6,-3,7,5420,0.002214022140221402,0.00036900369003690036
20,6,-3,8,5420,0.0014760147601476014,0.00018450184501845018
20,6,-3,9,5420,0.00036900369003690036,0.00018450184501845018
20,6,-3,10,5420,0.0,0.00018450184501845018
20,6,-2,6,5420,0.005904059040590406,0.0014760147601476014
20,6,-2,7,5420,0.002214022140221402,0.00036900369003690036
20,6,-2,8,5420,0.0014760147601476014,0.00018450184501845018
20,6,-2,9,5420,0.00036900369003690036,0.00018450184501845018
20,6,-2,10,5420,0.0,0.00018450184501845018
20,6,-1,6,5420,0.005904059040590406,0.0014760147601476014
20,6,-1,7,5420,0.002214022140221402,0.00036900369003690036
20,6,-1,8,5420,0.0014760147601476014,0.00018450184501845018
20,6,-1,9,5420,0.00036900369003690036,0.00018450184501845018
20,6,-1,10,5420,0.0,0.00018450184501845018
20,6,0,6,5420,0.005904059040590406,0.0014760147601476014
20,6,0,7,5420,0.002214022140221402,0.00036900369003690036
20,6,0,8,5420,0.0014760147601476014,0.00018450184501845018
20,6,0,9,5420,0.00036900369003690036,0.00018450184501845018
20,6,0,10,5420,0.0,0.00018450184501845018
20,6,1,6,5420,0.005904059040590406,0.0014760147601476014
20,6,1,7,5420,0.002214022140221402,0.00036900369003690036
20,6,1,8,5420,0.0014760147601476014,0.00018450184501845018
20,6,1,9,5420,0.00036900369003690036,0.00018450184501845018
20,6,1,10,5420,0.0,0.00018450184501845018
20,6,2,6,5420,0.005904059040590406,0.0014760147601476014
20,6,2,7,5420,0.002214022140221402,0.00036900369003690036
20,6,2,8,5420,0.0014760147601476014,0.00018450184501845018
20,6,2,9,5420,0.00036900369003690036,0.00018450184501845018
20,6,2,10,5420,0.0,0.00018450184501845018
20,6,3,6,5420,0.005904059040590406,0.0014760147601476014
20,6,3,7,5420,0.002214022140221402,0.00036900369003690036
20,6,3,8,5420,0.0014760147601476014,0.00018450184501845018
20,6,3,9,5420,0.00036900369003690036,0.00018450184501845018
20,6,3,10,5420,0.0,0.00018450184501845018
20,6,4,6,5420,0.005904059040590406,0.0014760147601476014
20,6,4,7,5420,0.002214022140221402,0.00036900369003690036
20,6,4,8,5420,0.0014760147601476014,0.00018450184501845018
20,6,4,9,5420,0.00036900369003690036,0.00018450184501845018
20,6,4,10,5420,0.0,0.00018450184501845018
20,6,5,6,5420,0.005904059040590406,0.0014760147601476014
20,6,5,7,5420,0.002214022140221402,0.00036900369003690036
20,6,5,8,5420,0.0014760147601476014,0.00018450184501845018
20,6,5,9,5420,0.00036900369003690036,0.00018450184501845018
20,6,5,10,5420,0.0,0.00018450184501845018
