arm,N,snv_offset,n_loci,mean,p10,p25,median,p75,p90,frac_loci_at_100pct,frac_loci_at_95pct,frac_loci_at_50pct
BWA-no-clip,5,-1,5420.0,0.7766839986581684,0.6818181818181818,0.7545454545454545,0.7909090909090909,0.8181818181818182,0.8454545454545455,0.0,0.0,0.9935424354243543
BWA-no-clip,5,1,5420.0,0.5399261992619926,0.41818181818181815,0.4727272727272727,0.5363636363636364,0.6181818181818182,0.6636363636363637,0.0,0.0,0.6509225092250922
BWA-no-clip,5,2,5420.0,0.6144582354914457,0.5,0.5636363636363636,0.6272727272727273,0.6818181818181818,0.7090909090909091,0.0,0.0,0.9029520295202952
BWA-no-clip,5,3,5420.0,0.6431264676283127,0.5181818181818182,0.6,0.6636363636363637,0.7,0.7363636363636363,0.0,0.0,0.9321033210332104
BWA-no-clip,5,4,5420.0,0.6718366320026837,0.5545454545454546,0.6363636363636364,0.6909090909090909,0.7272727272727273,0.7636363636363637,0.0,0.0,0.9400369003690037
BWA-no-clip,5,5,5420.0,0.6968466957396847,0.5909090909090909,0.6636363636363637,0.7181818181818181,0.7545454545454545,0.7727272727272727,0.0,0.0,0.9704797047970479
BWA-no-clip,5,6,5420.0,0.7143508889634351,0.6181818181818182,0.6818181818181818,0.7363636363636363,0.7636363636363637,0.7909090909090909,0.0,0.0,0.9749077490774908
BWA-no-clip,5,10,5420.0,0.7704679637705467,0.6727272727272727,0.7454545454545455,0.7909090909090909,0.8181818181818182,0.8454545454545455,0.0,0.0,0.9924354243542436
BWA-no-clip,5,11,5420.0,0.7766839986581684,0.6818181818181818,0.7545454545454545,0.7909090909090909,0.8181818181818182,0.8454545454545455,0.0,0.0,0.9935424354243543
BWA-no-clip,10,-1,5420.0,0.7766236162361624,0.6818181818181818,0.7545454545454545,0.7909090909090909,0.8181818181818182,0.8454545454545455,0.0,0.0,0.9935424354243543
BWA-no-clip,10,1,5420.0,0.5399547131834954,0.41818181818181815,0.4727272727272727,0.5363636363636364,0.6181818181818182,0.6636363636363637,0.0,0.0,0.6509225092250922
BWA-no-clip,10,2,5420.0,0.6143156658839316,0.5,0.5636363636363636,0.6272727272727273,0.6818181818181818,0.7090909090909091,0.0,0.0,0.9027675276752768
BWA-no-clip,10,3,5420.0,0.643010734652801,0.5181818181818182,0.6,0.6636363636363637,0.7,0.7363636363636363,0.0,0.0,0.9309963099630997
BWA-no-clip,10,4,5420.0,0.6713284132841328,0.5454545454545454,0.6363636363636364,0.6909090909090909,0.7272727272727273,0.7636363636363637,0.0,0.0,0.9400369003690037
BWA-no-clip,10,5,5420.0,0.696559879235156,0.5909090909090909,0.6636363636363637,0.7181818181818181,0.7545454545454545,0.7727272727272727,0.0,0.0,0.9691881918819188
BWA-no-clip,10,6,5420.0,0.7141982556189198,0.6181818181818182,0.6818181818181818,0.7363636363636363,0.7636363636363637,0.7909090909090909,0.0,0.0,0.9749077490774908
BWA-no-clip,10,10,5420.0,0.7704008721905401,0.6727272727272727,0.7454545454545455,0.7909090909090909,0.8181818181818182,0.8454545454545455,0.0,0.0,0.9924354243542436
BWA-no-clip,10,11,5420.0,0.7766236162361624,0.6818181818181818,0.7545454545454545,0.7909090909090909,0.8181818181818182,0.8454545454545455,0.0,0.0,0.9935424354243543
BWA-no-clip,20,-1,5420.0,0.7766169070781616,0.6818181818181818,0.7545454545454545,0.7909090909090909,0.8181818181818182,0.8454545454545455,0.0,0.0,0.9935424354243543
BWA-no-clip,20,1,5420.0,0.539959745051996,0.41818181818181815,0.4727272727272727,0.5363636363636364,0.6181818181818182,0.6636363636363637,0.0,0.0,0.6509225092250922
BWA-no-clip,20,2,5420.0,0.6143123113049312,0.5,0.5636363636363636,0.6272727272727273,0.6818181818181818,0.7090909090909091,0.0,0.0,0.9027675276752768
BWA-no-clip,20,3,5420.0,0.6430023482053002,0.5181818181818182,0.6,0.6636363636363637,0.7,0.7363636363636363,0.0,0.0,0.9308118081180812
BWA-no-clip,20,4,5420.0,0.6713217041261321,0.5454545454545454,0.6363636363636364,0.6909090909090909,0.7272727272727273,0.7636363636363637,0.0,0.0,0.9400369003690037
BWA-no-clip,20,5,5420.0,0.6965548473666555,0.5909090909090909,0.6636363636363637,0.7181818181818181,0.7545454545454545,0.7727272727272727,0.0,0.0,0.9690036900369003
BWA-no-clip,20,6,5420.0,0.7141915464609192,0.6181818181818182,0.6818181818181818,0.7363636363636363,0.7636363636363637,0.7909090909090909,0.0,0.0,0.9749077490774908
BWA-no-clip,20,10,5420.0,0.7703941630325394,0.6727272727272727,0.7454545454545455,0.7909090909090909,0.8181818181818182,0.8454545454545455,0.0,0.0,0.9924354243542436
BWA-no-clip,20,11,5420.0,0.7766169070781616,0.6818181818181818,0.7545454545454545,0.7909090909090909,0.8181818181818182,0.8454545454545455,0.0,0.0,0.9935424354243543
BWA-std,5,-1,5420.0,0.2708772224085877,0.2636363636363636,0.2727272727272727,0.2727272727272727,0.2727272727272727,0.2727272727272727,0.0,0.0,0.0
BWA-std,5,1,5420.0,0.12951358604495133,0.11818181818181818,0.11818181818181818,0.13636363636363635,0.13636363636363635,0.13636363636363635,0.0,0.0,0.0
BWA-std,5,2,5420.0,0.13579000335457897,0.13636363636363635,0.13636363636363635,0.13636363636363635,0.13636363636363635,0.13636363636363635,0.0,0.0,0.0
BWA-std,5,3,5420.0,0.135840322039584,0.13636363636363635,0.13636363636363635,0.13636363636363635,0.13636363636363635,0.13636363636363635,0.0,0.0,0.0
BWA-std,5,4,5420.0,0.14388460248238846,0.13636363636363635,0.14545454545454545,0.14545454545454545,0.14545454545454545,0.14545454545454545,0.0,0.0,0.0
BWA-std,5,5,5420.0,0.13528178463602814,0.12727272727272726,0.13636363636363635,0.13636363636363635,0.13636363636363635,0.13636363636363635,0.0,0.0,0.0
BWA-std,5,6,5420.0,0.15310130828581012,0.14545454545454545,0.15454545454545454,0.15454545454545454,0.15454545454545454,0.15454545454545454,0.0,0.0,0.0
BWA-std,5,10,5420.0,0.261620261657162,0.2545454545454545,0.2636363636363636,0.2636363636363636,0.2636363636363636,0.2636363636363636,0.0,0.0,0.0
BWA-std,5,11,5420.0,0.2708772224085877,0.2636363636363636,0.2727272727272727,0.2727272727272727,0.2727272727272727,0.2727272727272727,0.0,0.0,0.0
BWA-std,10,-1,5420.0,0.2708973498825897,0.2636363636363636,0.2727272727272727,0.2727272727272727,0.2727272727272727,0.2727272727272727,0.0,0.0,0.0
BWA-std,10,1,5420.0,0.12951358604495133,0.11818181818181818,0.11818181818181818,0.13636363636363635,0.13636363636363635,0.13636363636363635,0.0,0.0,0.0
BWA-std,10,2,5420.0,0.13572291177457227,0.13636363636363635,0.13636363636363635,0.13636363636363635,0.13636363636363635,0.13636363636363635,0.0,0.0,0.0
BWA-std,10,3,5420.0,0.13577658503857762,0.13636363636363635,0.13636363636363635,0.13636363636363635,0.13636363636363635,0.13636363636363635,0.0,0.0,0.0
BWA-std,10,4,5420.0,0.14383931566588395,0.13636363636363635,0.14545454545454545,0.14545454545454545,0.14545454545454545,0.14545454545454545,0.0,0.0,0.0
BWA-std,10,5,5420.0,0.13530358939953033,0.12727272727272726,0.13636363636363635,0.13636363636363635,0.13636363636363635,0.13636363636363635,0.0,0.0,0.0
BWA-std,10,6,5420.0,0.1531247903388125,0.14545454545454545,0.15454545454545454,0.15454545454545454,0.15454545454545454,0.15454545454545454,0.0,0.0,0.0
BWA-std,10,10,5420.0,0.2616420664206642,0.2545454545454545,0.2636363636363636,0.2636363636363636,0.2636363636363636,0.2636363636363636,0.0,0.0,0.0
BWA-std,10,11,5420.0,0.2708973498825897,0.2636363636363636,0.2727272727272727,0.2727272727272727,0.2727272727272727,0.2727272727272727,0.0,0.0,0.0
BWA-std,20,-1,5420.0,0.2708973498825897,0.2636363636363636,0.2727272727272727,0.2727272727272727,0.2727272727272727,0.2727272727272727,0.0,0.0,0.0
BWA-std,20,1,5420.0,0.12951358604495133,0.11818181818181818,0.11818181818181818,0.13636363636363635,0.13636363636363635,0.13636363636363635,0.0,0.0,0.0
BWA-std,20,2,5420.0,0.13572291177457227,0.13636363636363635,0.13636363636363635,0.13636363636363635,0.13636363636363635,0.13636363636363635,0.0,0.0,0.0
BWA-std,20,3,5420.0,0.13577658503857762,0.13636363636363635,0.13636363636363635,0.13636363636363635,0.13636363636363635,0.13636363636363635,0.0,0.0,0.0
BWA-std,20,4,5420.0,0.14383931566588395,0.13636363636363635,0.14545454545454545,0.14545454545454545,0.14545454545454545,0.14545454545454545,0.0,0.0,0.0
BWA-std,20,5,5420.0,0.13530358939953033,0.12727272727272726,0.13636363636363635,0.13636363636363635,0.13636363636363635,0.13636363636363635,0.0,0.0,0.0
BWA-std,20,6,5420.0,0.1531247903388125,0.14545454545454545,0.15454545454545454,0.15454545454545454,0.15454545454545454,0.15454545454545454,0.0,0.0,0.0
BWA-std,20,10,5420.0,0.2616420664206642,0.2545454545454545,0.2636363636363636,0.2636363636363636,0.2636363636363636,0.2636363636363636,0.0,0.0,0.0
BWA-std,20,11,5420.0,0.2708973498825897,0.2636363636363636,0.2727272727272727,0.2727272727272727,0.2727272727272727,0.2727272727272727,0.0,0.0,0.0
NW-flex,5,-1,5420.0,1.0,1.0,1.0,1.0,1.0,1.0,1.0,1.0,1.0
NW-flex,5,1,5420.0,0.9232723918148273,0.8,0.9,0.9818181818181818,1.0,1.0,0.3411439114391144,0.5806273062730627,0.9961254612546125
NW-flex,5,2,5420.0,0.9924723247232472,0.9818181818181818,0.990909090909091,1.0,1.0,1.0,0.7415129151291513,0.9654981549815498,1.0
NW-flex,5,3,5420.0,0.9967661858436765,0.990909090909091,1.0,1.0,1.0,1.0,0.8846863468634686,0.9848708487084871,1.0
NW-flex,5,4,5420.0,0.9986044951358604,1.0,1.0,1.0,1.0,1.0,0.9583025830258303,0.9915129151291513,1.0
NW-flex,5,5,5420.0,0.9993290841999328,1.0,1.0,1.0,1.0,1.0,0.9894833948339483,0.9961254612546125,1.0
NW-flex,5,6,5420.0,0.9997249245219724,1.0,1.0,1.0,1.0,1.0,0.9944649446494465,0.9985239852398524,1.0
NW-flex,5,10,5420.0,1.0,1.0,1.0,1.0,1.0,1.0,1.0,1.0,1.0
NW-flex,5,11,5420.0,1.0,1.0,1.0,1.0,1.0,1.0,1.0,1.0,1.0
NW-flex,10,-1,5420.0,1.0,1.0,1.0,1.0,1.0,1.0,1.0,1.0,1.0
NW-flex,10,1,5420.0,0.9271402214022141,0.8,0.9,1.0,1.0,1.0,0.5826568265682657,0.5826568265682657,0.9961254612546125
NW-flex,10,2,5420.0,0.9957564575645756,1.0,1.0,1.0,1.0,1.0,0.9678966789667897,0.9678966789667897,1.0
NW-flex,10,3,5420.0,0.9980627306273063,1.0,1.0,1.0,1.0,1.0,0.9854243542435425,0.9854243542435425,1.0
NW-flex,10,4,5420.0,0.9990405904059039,1.0,1.0,1.0,1.0,1.0,0.9916974169741697,0.9916974169741697,1.0
NW-flex,10,5,5420.0,0.9993911439114391,1.0,1.0,1.0,1.0,1.0,0.9964944649446494,0.9964944649446494,1.0
NW-flex,10,6,5420.0,0.999760147601476,1.0,1.0,1.0,1.0,1.0,0.9985239852398524,0.9985239852398524,1.0
NW-flex,10,10,5420.0,1.0,1.0,1.0,1.0,1.0,1.0,1.0,1.0,1.0
NW-flex,10,11,5420.0,1.0,1.0,1.0,1.0,1.0,1.0,1.0,1.0,1.0
NW-flex,20,-1,5420.0,1.0,1.0,1.0,1.0,1.0,1.0,1.0,1.0,1.0
NW-flex,20,1,5420.0,0.9271402214022141,0.8,0.9,1.0,1.0,1.0,0.5826568265682657,0.5826568265682657,0.9961254612546125
NW-flex,20,2,5420.0,0.9957564575645756,1.0,1.0,1.0,1.0,1.0,0.9678966789667897,0.9678966789667897,1.0
NW-flex,20,3,5420.0,0.9980627306273063,1.0,1.0,1.0,1.0,1.0,0.9854243542435425,0.9854243542435425,1.0
NW-flex,20,4,5420.0,0.9990405904059039,1.0,1.0,1.0,1.0,1.0,0.9916974169741697,0.9916974169741697,1.0
NW-flex,20,5,5420.0,0.9993911439114391,1.0,1.0,1.0,1.0,1.0,0.9964944649446494,0.9964944649446494,1.0
NW-flex,20,6,5420.0,0.999760147601476,1.0,1.0,1.0,1.0,1.0,0.9985239852398524,0.9985239852398524,1.0
NW-flex,20,10,5420.0,1.0,1.0,1.0,1.0,1.0,1.0,1.0,1.0,1.0
NW-flex,20,11,5420.0,1.0,1.0,1.0,1.0,1.0,1.0,1.0,1.0,1.0
