pind1,pind2,arm,bridge_len,correct
411,5145,BWA-no-clip,1,0.5785123966942148
411,5145,BWA-std,1,0.6446280991735537
411,5145,NW-flex,1,1.0
411,5145,BWA-no-clip,2,1.0
411,5145,BWA-std,2,1.0
411,5145,NW-flex,2,1.0
411,5145,BWA-no-clip,3,1.0
411,5145,BWA-std,3,1.0
411,5145,NW-flex,3,1.0
411,5145,BWA-no-clip,4,0.7107438016528925
411,5145,BWA-std,4,0.7768595041322314
411,5145,NW-flex,4,1.0
411,5145,BWA-no-clip,5,1.0
411,5145,BWA-std,5,1.0
411,5145,NW-flex,5,1.0
424,6377,BWA-no-clip,1,0.45454545454545453
424,6377,BWA-std,1,0.6033057851239669
424,6377,NW-flex,1,1.0
424,6377,BWA-no-clip,2,1.0
424,6377,BWA-std,2,1.0
424,6377,NW-flex,2,1.0
424,6377,BWA-no-clip,3,1.0
424,6377,BWA-std,3,1.0
424,6377,NW-flex,3,1.0
424,6377,BWA-no-clip,4,1.0
424,6377,BWA-std,4,1.0
424,6377,NW-flex,4,1.0
424,6377,BWA-no-clip,5,1.0
424,6377,BWA-std,5,1.0
424,6377,NW-flex,5,1.0
451,5724,BWA-no-clip,1,0.45454545454545453
451,5724,BWA-std,1,0.5867768595041323
451,5724,NW-flex,1,1.0
451,5724,BWA-no-clip,2,1.0
451,5724,BWA-std,2,1.0
451,5724,NW-flex,2,1.0
451,5724,BWA-no-clip,3,1.0
451,5724,BWA-std,3,1.0
451,5724,NW-flex,3,1.0
451,5724,BWA-no-clip,4,1.0
451,5724,BWA-std,4,1.0
451,5724,NW-flex,4,1.0
451,5724,BWA-no-clip,5,1.0
451,5724,BWA-std,5,1.0
451,5724,NW-flex,5,1.0
455,4393,BWA-no-clip,1,0.30578512396694213
455,4393,BWA-std,1,0.4462809917355372
455,4393,NW-flex,1,1.0
455,4393,BWA-no-clip,2,1.0
455,4393,BWA-std,2,1.0
455,4393,NW-flex,2,1.0
455,4393,BWA-no-clip,3,1.0
455,4393,BWA-std,3,1.0
455,4393,NW-flex,3,1.0
455,4393,BWA-no-clip,4,1.0
455,4393,BWA-std,4,1.0
455,4393,NW-flex,4,1.0
455,4393,BWA-no-clip,5,1.0
455,4393,BWA-std,5,1.0
455,4393,NW-flex,5,1.0
521,4288,BWA-no-clip,1,0.24793388429752067
521,4288,BWA-std,1,0.36363636363636365
521,4288,NW-flex,1,1.0
521,4288,BWA-no-clip,2,0.628099173553719
521,4288,BWA-std,2,0.628099173553719
521,4288,NW-flex,2,1.0
521,4288,BWA-no-clip,3,0.6363636363636364
521,4288,BWA-std,3,0.71900826446281
521,4288,NW-flex,3,1.0
521,4288,BWA-no-clip,4,0.8677685950413223
521,4288,BWA-std,4,0.9256198347107438
521,4288,NW-flex,4,1.0
521,4288,BWA-no-clip,5,1.0
521,4288,BWA-std,5,1.0
521,4288,NW-flex,5,1.0
529,5776,BWA-no-clip,1,0.24793388429752067
529,5776,BWA-std,1,0.38016528925619836
529,5776,NW-flex,1,1.0
529,5776,BWA-no-clip,2,0.6363636363636364
529,5776,BWA-std,2,0.7355371900826446
529,5776,NW-flex,2,1.0
529,5776,BWA-no-clip,3,0.7024793388429752
529,5776,BWA-std,3,0.7933884297520661
529,5776,NW-flex,3,1.0
529,5776,BWA-no-clip,4,0.9008264462809917
529,5776,BWA-std,4,0.9256198347107438
529,5776,NW-flex,4,1.0
529,5776,BWA-no-clip,5,1.0
529,5776,BWA-std,5,1.0
529,5776,NW-flex,5,1.0
530,3440,BWA-no-clip,1,0.21487603305785125
530,3440,BWA-std,1,0.4380165289256198
530,3440,NW-flex,1,1.0
530,3440,BWA-no-clip,2,1.0
530,3440,BWA-std,2,1.0
530,3440,NW-flex,2,1.0
530,3440,BWA-no-clip,3,1.0
530,3440,BWA-std,3,1.0
530,3440,NW-flex,3,1.0
530,3440,BWA-no-clip,4,1.0
530,3440,BWA-std,4,1.0
530,3440,NW-flex,4,1.0
530,3440,BWA-no-clip,5,1.0
530,3440,BWA-std,5,1.0
530,3440,NW-flex,5,1.0
550,5356,BWA-no-clip,1,0.2066115702479339
550,5356,BWA-std,1,0.4132231404958678
550,5356,NW-flex,1,1.0
550,5356,BWA-no-clip,2,1.0
550,5356,BWA-std,2,1.0
550,5356,NW-flex,2,1.0
550,5356,BWA-no-clip,3,1.0
550,5356,BWA-std,3,1.0
550,5356,NW-flex,3,1.0
550,5356,BWA-no-clip,4,1.0
550,5356,BWA-std,4,1.0
550,5356,NW-flex,4,1.0
550,5356,BWA-no-clip,5,1.0
550,5356,BWA-std,5,1.0
550,5356,NW-flex,5,1.0
565,2909,BWA-no-clip,1,0.6694214876033058
565,2909,BWA-std,1,0.7024793388429752
565,2909,NW-flex,1,1.0
565,2909,BWA-no-clip,2,1.0
565,2909,BWA-std,2,1.0
565,2909,NW-flex,2,1.0
565,2909,BWA-no-clip,3,1.0
565,2909,BWA-std,3,1.0
565,2909,NW-flex,3,1.0
565,2909,BWA-no-clip,4,1.0
565,2909,BWA-std,4,1.0
565,2909,NW-flex,4,1.0
565,2909,BWA-no-clip,5,1.0
565,2909,BWA-std,5,1.0
565,2909,NW-flex,5,1.0
608,2730,BWA-no-clip,1,0.17355371900826447
608,2730,BWA-std,1,0.5454545454545454
608,2730,NW-flex,1,1.0
608,2730,BWA-no-clip,2,0.7107438016528925
608,2730,BWA-std,2,0.7520661157024794
608,2730,NW-flex,2,1.0
608,2730,BWA-no-clip,3,1.0
608,2730,BWA-std,3,1.0
608,2730,NW-flex,3,1.0
608,2730,BWA-no-clip,4,1.0
608,2730,BWA-std,4,1.0
608,2730,NW-flex,4,1.0
608,2730,BWA-no-clip,5,1.0
608,2730,BWA-std,5,1.0
608,2730,NW-flex,5,1.0
612,4068,BWA-no-clip,1,0.5041322314049587
612,4068,BWA-std,1,0.39669421487603307
612,4068,NW-flex,1,1.0
612,4068,BWA-no-clip,2,0.9338842975206612
612,4068,BWA-std,2,0.9008264462809917
612,4068,NW-flex,2,1.0
612,4068,BWA-no-clip,3,1.0
612,4068,BWA-std,3,1.0
612,4068,NW-flex,3,1.0
612,4068,BWA-no-clip,4,1.0
612,4068,BWA-std,4,1.0
612,4068,NW-flex,4,1.0
612,4068,BWA-no-clip,5,1.0
612,4068,BWA-std,5,1.0
612,4068,NW-flex,5,1.0
623,5310,BWA-no-clip,1,0.4380165289256198
623,5310,BWA-std,1,0.5950413223140496
623,5310,NW-flex,1,1.0
623,5310,BWA-no-clip,2,0.4214876033057851
623,5310,BWA-std,2,0.5867768595041323
623,5310,NW-flex,2,1.0
623,5310,BWA-no-clip,3,0.8347107438016529
623,5310,BWA-std,3,0.8677685950413223
623,5310,NW-flex,3,1.0
623,5310,BWA-no-clip,4,0.6694214876033058
623,5310,BWA-std,4,0.7768595041322314
623,5310,NW-flex,4,1.0
623,5310,BWA-no-clip,5,1.0
623,5310,BWA-std,5,1.0
623,5310,NW-flex,5,1.0
627,6298,BWA-no-clip,1,0.2975206611570248
627,6298,BWA-std,1,0.4214876033057851
627,6298,NW-flex,1,1.0
627,6298,BWA-no-clip,2,0.2892561983471074
627,6298,BWA-std,2,0.4297520661157025
627,6298,NW-flex,2,1.0
627,6298,BWA-no-clip,3,0.5867768595041323
627,6298,BWA-std,3,0.6694214876033058
627,6298,NW-flex,3,1.0
627,6298,BWA-no-clip,4,0.5867768595041323
627,6298,BWA-std,4,0.6776859504132231
627,6298,NW-flex,4,1.0
627,6298,BWA-no-clip,5,0.5867768595041323
627,6298,BWA-std,5,0.6859504132231405
627,6298,NW-flex,5,1.0
633,1811,BWA-no-clip,1,0.2975206611570248
633,1811,BWA-std,1,0.4628099173553719
633,1811,NW-flex,1,1.0
633,1811,BWA-no-clip,2,0.5454545454545454
633,1811,BWA-std,2,0.6528925619834711
633,1811,NW-flex,2,1.0
633,1811,BWA-no-clip,3,0.9256198347107438
633,1811,BWA-std,3,0.9338842975206612
633,1811,NW-flex,3,1.0
633,1811,BWA-no-clip,4,0.9256198347107438
633,1811,BWA-std,4,0.9338842975206612
633,1811,NW-flex,4,1.0
633,1811,BWA-no-clip,5,1.0
633,1811,BWA-std,5,1.0
633,1811,NW-flex,5,1.0
634,1683,BWA-no-clip,1,0.18181818181818182
634,1683,BWA-std,1,0.4380165289256198
634,1683,NW-flex,1,1.0
634,1683,BWA-no-clip,2,0.6033057851239669
634,1683,BWA-std,2,0.7768595041322314
634,1683,NW-flex,2,1.0
634,1683,BWA-no-clip,3,0.35537190082644626
634,1683,BWA-std,3,0.628099173553719
634,1683,NW-flex,3,1.0
634,1683,BWA-no-clip,4,0.8842975206611571
634,1683,BWA-std,4,0.9256198347107438
634,1683,NW-flex,4,1.0
634,1683,BWA-no-clip,5,0.8512396694214877
634,1683,BWA-std,5,0.9338842975206612
634,1683,NW-flex,5,1.0
637,4284,BWA-no-clip,1,0.7107438016528925
637,4284,BWA-std,1,0.6859504132231405
637,4284,NW-flex,1,1.0
637,4284,BWA-no-clip,2,1.0
637,4284,BWA-std,2,1.0
637,4284,NW-flex,2,1.0
637,4284,BWA-no-clip,3,0.7520661157024794
637,4284,BWA-std,3,0.7603305785123967
637,4284,NW-flex,3,1.0
637,4284,BWA-no-clip,4,1.0
637,4284,BWA-std,4,1.0
637,4284,NW-flex,4,1.0
637,4284,BWA-no-clip,5,1.0
637,4284,BWA-std,5,1.0
637,4284,NW-flex,5,1.0
649,2650,BWA-no-clip,1,0.17355371900826447
649,2650,BWA-std,1,0.4628099173553719
649,2650,NW-flex,1,1.0
649,2650,BWA-no-clip,2,0.2892561983471074
649,2650,BWA-std,2,0.45454545454545453
649,2650,NW-flex,2,1.0
649,2650,BWA-no-clip,3,1.0
649,2650,BWA-std,3,1.0
649,2650,NW-flex,3,1.0
649,2650,BWA-no-clip,4,1.0
649,2650,BWA-std,4,1.0
649,2650,NW-flex,4,1.0
649,2650,BWA-no-clip,5,1.0
649,2650,BWA-std,5,1.0
649,2650,NW-flex,5,1.0
663,2873,BWA-no-clip,1,0.2066115702479339
663,2873,BWA-std,1,0.371900826446281
663,2873,NW-flex,1,1.0
663,2873,BWA-no-clip,2,0.8016528925619835
663,2873,BWA-std,2,0.8842975206611571
663,2873,NW-flex,2,1.0
663,2873,BWA-no-clip,3,0.7355371900826446
663,2873,BWA-std,3,0.7933884297520661
663,2873,NW-flex,3,1.0
663,2873,BWA-no-clip,4,0.9338842975206612
663,2873,BWA-std,4,0.9586776859504132
663,2873,NW-flex,4,1.0
663,2873,BWA-no-clip,5,1.0
663,2873,BWA-std,5,1.0
663,2873,NW-flex,5,1.0
669,3285,BWA-no-clip,1,0.23140495867768596
669,3285,BWA-std,1,0.4132231404958678
669,3285,NW-flex,1,1.0
669,3285,BWA-no-clip,2,0.8181818181818182
669,3285,BWA-std,2,0.8677685950413223
669,3285,NW-flex,2,1.0
669,3285,BWA-no-clip,3,1.0
669,3285,BWA-std,3,1.0
669,3285,NW-flex,3,1.0
669,3285,BWA-no-clip,4,1.0
669,3285,BWA-std,4,1.0
669,3285,NW-flex,4,1.0
669,3285,BWA-no-clip,5,1.0
669,3285,BWA-std,5,1.0
669,3285,NW-flex,5,1.0
672,4927,BWA-no-clip,1,0.6363636363636364
672,4927,BWA-std,1,0.6363636363636364
672,4927,NW-flex,1,1.0
672,4927,BWA-no-clip,2,0.628099173553719
672,4927,BWA-std,2,0.6363636363636364
672,4927,NW-flex,2,1.0
672,4927,BWA-no-clip,3,0.6198347107438017
672,4927,BWA-std,3,0.6446280991735537
672,4927,NW-flex,3,1.0
672,4927,BWA-no-clip,4,0.9008264462809917
672,4927,BWA-std,4,0.9008264462809917
672,4927,NW-flex,4,1.0
672,4927,BWA-no-clip,5,1.0
672,4927,BWA-std,5,1.0
672,4927,NW-flex,5,1.0
677,5254,BWA-no-clip,1,0.17355371900826447
677,5254,BWA-std,1,0.4132231404958678
677,5254,NW-flex,1,1.0
677,5254,BWA-no-clip,2,0.2892561983471074
677,5254,BWA-std,2,0.48760330578512395
677,5254,NW-flex,2,1.0
677,5254,BWA-no-clip,3,1.0
677,5254,BWA-std,3,1.0
677,5254,NW-flex,3,1.0
677,5254,BWA-no-clip,4,0.8016528925619835
677,5254,BWA-std,4,0.859504132231405
677,5254,NW-flex,4,1.0
677,5254,BWA-no-clip,5,1.0
677,5254,BWA-std,5,1.0
677,5254,NW-flex,5,1.0
682,6406,BWA-no-clip,1,0.2231404958677686
682,6406,BWA-std,1,0.4049586776859504
682,6406,NW-flex,1,1.0
682,6406,BWA-no-clip,2,0.45454545454545453
682,6406,BWA-std,2,0.5454545454545454
682,6406,NW-flex,2,1.0
682,6406,BWA-no-clip,3,0.8760330578512396
682,6406,BWA-std,3,0.8677685950413223
682,6406,NW-flex,3,1.0
682,6406,BWA-no-clip,4,0.9669421487603306
682,6406,BWA-std,4,0.9504132231404959
682,6406,NW-flex,4,1.0
682,6406,BWA-no-clip,5,0.5537190082644629
682,6406,BWA-std,5,0.6942148760330579
682,6406,NW-flex,5,1.0
703,5717,BWA-no-clip,1,0.5619834710743802
703,5717,BWA-std,1,0.6528925619834711
703,5717,NW-flex,1,1.0
703,5717,BWA-no-clip,2,1.0
703,5717,BWA-std,2,1.0
703,5717,NW-flex,2,1.0
703,5717,BWA-no-clip,3,1.0
703,5717,BWA-std,3,1.0
703,5717,NW-flex,3,1.0
703,5717,BWA-no-clip,4,0.9008264462809917
703,5717,BWA-std,4,0.9338842975206612
703,5717,NW-flex,4,1.0
703,5717,BWA-no-clip,5,1.0
703,5717,BWA-std,5,1.0
703,5717,NW-flex,5,1.0
708,2215,BWA-no-clip,1,0.30578512396694213
708,2215,BWA-std,1,0.4628099173553719
708,2215,NW-flex,1,1.0
708,2215,BWA-no-clip,2,0.8677685950413223
708,2215,BWA-std,2,0.8842975206611571
708,2215,NW-flex,2,1.0
708,2215,BWA-no-clip,3,1.0
708,2215,BWA-std,3,1.0
708,2215,NW-flex,3,1.0
708,2215,BWA-no-clip,4,1.0
708,2215,BWA-std,4,1.0
708,2215,NW-flex,4,1.0
708,2215,BWA-no-clip,5,1.0
708,2215,BWA-std,5,1.0
708,2215,NW-flex,5,1.0
719,6546,BWA-no-clip,1,0.859504132231405
719,6546,BWA-std,1,0.71900826446281
719,6546,NW-flex,1,1.0
719,6546,BWA-no-clip,2,1.0
719,6546,BWA-std,2,1.0
719,6546,NW-flex,2,1.0
719,6546,BWA-no-clip,3,1.0
719,6546,BWA-std,3,1.0
719,6546,NW-flex,3,1.0
719,6546,BWA-no-clip,4,1.0
719,6546,BWA-std,4,1.0
719,6546,NW-flex,4,1.0
719,6546,BWA-no-clip,5,1.0
719,6546,BWA-std,5,1.0
719,6546,NW-flex,5,1.0
728,3821,BWA-no-clip,1,0.32231404958677684
728,3821,BWA-std,1,0.5041322314049587
728,3821,NW-flex,1,1.0
728,3821,BWA-no-clip,2,1.0
728,3821,BWA-std,2,1.0
728,3821,NW-flex,2,1.0
728,3821,BWA-no-clip,3,1.0
728,3821,BWA-std,3,1.0
728,3821,NW-flex,3,1.0
728,3821,BWA-no-clip,4,1.0
728,3821,BWA-std,4,1.0
728,3821,NW-flex,4,1.0
728,3821,BWA-no-clip,5,1.0
728,3821,BWA-std,5,1.0
728,3821,NW-flex,5,1.0
736,3493,BWA-no-clip,1,0.23140495867768596
736,3493,BWA-std,1,0.4214876033057851
736,3493,NW-flex,1,1.0
736,3493,BWA-no-clip,2,0.71900826446281
736,3493,BWA-std,2,0.8099173553719008
736,3493,NW-flex,2,1.0
736,3493,BWA-no-clip,3,1.0
736,3493,BWA-std,3,1.0
736,3493,NW-flex,3,1.0
736,3493,BWA-no-clip,4,1.0
736,3493,BWA-std,4,1.0
736,3493,NW-flex,4,1.0
736,3493,BWA-no-clip,5,1.0
736,3493,BWA-std,5,1.0
736,3493,NW-flex,5,1.0
738,5151,BWA-no-clip,1,0.5537190082644629
738,5151,BWA-std,1,0.6446280991735537
738,5151,NW-flex,1,1.0
738,5151,BWA-no-clip,2,1.0
738,5151,BWA-std,2,1.0
738,5151,NW-flex,2,1.0
738,5151,BWA-no-clip,3,1.0
738,5151,BWA-std,3,1.0
738,5151,NW-flex,3,1.0
738,5151,BWA-no-clip,4,1.0
738,5151,BWA-std,4,1.0
738,5151,NW-flex,4,1.0
738,5151,BWA-no-clip,5,1.0
738,5151,BWA-std,5,1.0
738,5151,NW-flex,5,1.0
741,6637,BWA-no-clip,1,0.2975206611570248
741,6637,BWA-std,1,0.4049586776859504
741,6637,NW-flex,1,1.0
741,6637,BWA-no-clip,2,1.0
741,6637,BWA-std,2,1.0
741,6637,NW-flex,2,1.0
741,6637,BWA-no-clip,3,1.0
741,6637,BWA-std,3,1.0
741,6637,NW-flex,3,1.0
741,6637,BWA-no-clip,4,1.0
741,6637,BWA-std,4,1.0
741,6637,NW-flex,4,1.0
741,6637,BWA-no-clip,5,1.0
741,6637,BWA-std,5,1.0
741,6637,NW-flex,5,1.0
774,3987,BWA-no-clip,1,0.5867768595041323
774,3987,BWA-std,1,0.628099173553719
774,3987,NW-flex,1,1.0
774,3987,BWA-no-clip,2,0.6446280991735537
774,3987,BWA-std,2,0.6942148760330579
774,3987,NW-flex,2,1.0
774,3987,BWA-no-clip,3,0.6611570247933884
774,3987,BWA-std,3,0.7603305785123967
774,3987,NW-flex,3,1.0
774,3987,BWA-no-clip,4,1.0
774,3987,BWA-std,4,1.0
774,3987,NW-flex,4,1.0
774,3987,BWA-no-clip,5,1.0
774,3987,BWA-std,5,1.0
774,3987,NW-flex,5,1.0
780,5585,BWA-no-clip,1,0.39669421487603307
780,5585,BWA-std,1,0.5371900826446281
780,5585,NW-flex,1,1.0
780,5585,BWA-no-clip,2,1.0
780,5585,BWA-std,2,1.0
780,5585,NW-flex,2,1.0
780,5585,BWA-no-clip,3,1.0
780,5585,BWA-std,3,1.0
780,5585,NW-flex,3,1.0
780,5585,BWA-no-clip,4,1.0
780,5585,BWA-std,4,1.0
780,5585,NW-flex,4,1.0
780,5585,BWA-no-clip,5,1.0
780,5585,BWA-std,5,1.0
780,5585,NW-flex,5,1.0
786,4747,BWA-no-clip,1,0.6198347107438017
786,4747,BWA-std,1,0.71900826446281
786,4747,NW-flex,1,1.0
786,4747,BWA-no-clip,2,1.0
786,4747,BWA-std,2,1.0
786,4747,NW-flex,2,1.0
786,4747,BWA-no-clip,3,1.0
786,4747,BWA-std,3,1.0
786,4747,NW-flex,3,1.0
786,4747,BWA-no-clip,4,1.0
786,4747,BWA-std,4,1.0
786,4747,NW-flex,4,1.0
786,4747,BWA-no-clip,5,1.0
786,4747,BWA-std,5,1.0
786,4747,NW-flex,5,1.0
794,6800,BWA-no-clip,1,0.6859504132231405
794,6800,BWA-std,1,0.7024793388429752
794,6800,NW-flex,1,1.0
794,6800,BWA-no-clip,2,1.0
794,6800,BWA-std,2,1.0
794,6800,NW-flex,2,1.0
794,6800,BWA-no-clip,3,1.0
794,6800,BWA-std,3,1.0
794,6800,NW-flex,3,1.0
794,6800,BWA-no-clip,4,1.0
794,6800,BWA-std,4,1.0
794,6800,NW-flex,4,1.0
794,6800,BWA-no-clip,5,1.0
794,6800,BWA-std,5,1.0
794,6800,NW-flex,5,1.0
795,1965,BWA-no-clip,1,0.2975206611570248
795,1965,BWA-std,1,0.4132231404958678
795,1965,NW-flex,1,1.0
795,1965,BWA-no-clip,2,0.7024793388429752
795,1965,BWA-std,2,0.7851239669421488
795,1965,NW-flex,2,1.0
795,1965,BWA-no-clip,3,0.9008264462809917
795,1965,BWA-std,3,0.9256198347107438
795,1965,NW-flex,3,1.0
795,1965,BWA-no-clip,4,1.0
795,1965,BWA-std,4,1.0
795,1965,NW-flex,4,1.0
795,1965,BWA-no-clip,5,1.0
795,1965,BWA-std,5,1.0
795,1965,NW-flex,5,1.0
804,3747,BWA-no-clip,1,0.2644628099173554
804,3747,BWA-std,1,0.3140495867768595
804,3747,NW-flex,1,1.0
804,3747,BWA-no-clip,2,0.6694214876033058
804,3747,BWA-std,2,0.7272727272727273
804,3747,NW-flex,2,1.0
804,3747,BWA-no-clip,3,0.9504132231404959
804,3747,BWA-std,3,0.9504132231404959
804,3747,NW-flex,3,1.0
804,3747,BWA-no-clip,4,0.9008264462809917
804,3747,BWA-std,4,0.9090909090909091
804,3747,NW-flex,4,1.0
804,3747,BWA-no-clip,5,1.0
804,3747,BWA-std,5,1.0
804,3747,NW-flex,5,1.0
805,3237,BWA-no-clip,1,0.47107438016528924
805,3237,BWA-std,1,0.6198347107438017
805,3237,NW-flex,1,1.0
805,3237,BWA-no-clip,2,1.0
805,3237,BWA-std,2,1.0
805,3237,NW-flex,2,1.0
805,3237,BWA-no-clip,3,1.0
805,3237,BWA-std,3,1.0
805,3237,NW-flex,3,1.0
805,3237,BWA-no-clip,4,1.0
805,3237,BWA-std,4,1.0
805,3237,NW-flex,4,1.0
805,3237,BWA-no-clip,5,1.0
805,3237,BWA-std,5,1.0
805,3237,NW-flex,5,1.0
810,6012,BWA-no-clip,1,0.48760330578512395
810,6012,BWA-std,1,0.5206611570247934
810,6012,NW-flex,1,1.0
810,6012,BWA-no-clip,2,1.0
810,6012,BWA-std,2,1.0
810,6012,NW-flex,2,1.0
810,6012,BWA-no-clip,3,0.5041322314049587
810,6012,BWA-std,3,0.5537190082644629
810,6012,NW-flex,3,1.0
810,6012,BWA-no-clip,4,0.8677685950413223
810,6012,BWA-std,4,0.8760330578512396
810,6012,NW-flex,4,1.0
810,6012,BWA-no-clip,5,1.0
810,6012,BWA-std,5,1.0
810,6012,NW-flex,5,1.0
814,3966,BWA-no-clip,1,0.24793388429752067
814,3966,BWA-std,1,0.4628099173553719
814,3966,NW-flex,1,1.0
814,3966,BWA-no-clip,2,0.3884297520661157
814,3966,BWA-std,2,0.5619834710743802
814,3966,NW-flex,2,1.0
814,3966,BWA-no-clip,3,0.9173553719008265
814,3966,BWA-std,3,0.9338842975206612
814,3966,NW-flex,3,1.0
814,3966,BWA-no-clip,4,0.768595041322314
814,3966,BWA-std,4,0.8512396694214877
814,3966,NW-flex,4,1.0
814,3966,BWA-no-clip,5,0.9173553719008265
814,3966,BWA-std,5,0.9338842975206612
814,3966,NW-flex,5,1.0
821,6098,BWA-no-clip,1,0.256198347107438
821,6098,BWA-std,1,0.371900826446281
821,6098,NW-flex,1,1.0
821,6098,BWA-no-clip,2,1.0
821,6098,BWA-std,2,1.0
821,6098,NW-flex,2,1.0
821,6098,BWA-no-clip,3,1.0
821,6098,BWA-std,3,1.0
821,6098,NW-flex,3,1.0
821,6098,BWA-no-clip,4,1.0
821,6098,BWA-std,4,1.0
821,6098,NW-flex,4,1.0
821,6098,BWA-no-clip,5,1.0
821,6098,BWA-std,5,1.0
821,6098,NW-flex,5,1.0
865,3215,BWA-no-clip,1,0.21487603305785125
865,3215,BWA-std,1,0.45454545454545453
865,3215,NW-flex,1,1.0
865,3215,BWA-no-clip,2,1.0
865,3215,BWA-std,2,1.0
865,3215,NW-flex,2,1.0
865,3215,BWA-no-clip,3,1.0
865,3215,BWA-std,3,1.0
865,3215,NW-flex,3,1.0
865,3215,BWA-no-clip,4,1.0
865,3215,BWA-std,4,1.0
865,3215,NW-flex,4,1.0
865,3215,BWA-no-clip,5,1.0
865,3215,BWA-std,5,1.0
865,3215,NW-flex,5,1.0
870,4551,BWA-no-clip,1,0.5619834710743802
870,4551,BWA-std,1,0.6363636363636364
870,4551,NW-flex,1,1.0
870,4551,BWA-no-clip,2,1.0
870,4551,BWA-std,2,1.0
870,4551,NW-flex,2,1.0
870,4551,BWA-no-clip,3,0.9173553719008265
870,4551,BWA-std,3,0.9338842975206612
870,4551,NW-flex,3,1.0
870,4551,BWA-no-clip,4,1.0
870,4551,BWA-std,4,1.0
870,4551,NW-flex,4,1.0
870,4551,BWA-no-clip,5,0.9173553719008265
870,4551,BWA-std,5,0.9338842975206612
870,4551,NW-flex,5,1.0
908,3096,BWA-no-clip,1,0.45454545454545453
908,3096,BWA-std,1,0.6198347107438017
908,3096,NW-flex,1,1.0
908,3096,BWA-no-clip,2,1.0
908,3096,BWA-std,2,1.0
908,3096,NW-flex,2,1.0
908,3096,BWA-no-clip,3,0.6776859504132231
908,3096,BWA-std,3,0.7933884297520661
908,3096,NW-flex,3,1.0
908,3096,BWA-no-clip,4,1.0
908,3096,BWA-std,4,1.0
908,3096,NW-flex,4,1.0
908,3096,BWA-no-clip,5,1.0
908,3096,BWA-std,5,1.0
908,3096,NW-flex,5,1.0
914,3600,BWA-no-clip,1,0.3140495867768595
914,3600,BWA-std,1,0.4628099173553719
914,3600,NW-flex,1,1.0
914,3600,BWA-no-clip,2,0.5537190082644629
914,3600,BWA-std,2,0.6528925619834711
914,3600,NW-flex,2,1.0
914,3600,BWA-no-clip,3,0.9504132231404959
914,3600,BWA-std,3,0.9752066115702479
914,3600,NW-flex,3,1.0
914,3600,BWA-no-clip,4,1.0
914,3600,BWA-std,4,1.0
914,3600,NW-flex,4,1.0
914,3600,BWA-no-clip,5,1.0
914,3600,BWA-std,5,1.0
914,3600,NW-flex,5,1.0
917,5113,BWA-no-clip,1,0.23140495867768596
917,5113,BWA-std,1,0.3884297520661157
917,5113,NW-flex,1,1.0
917,5113,BWA-no-clip,2,1.0
917,5113,BWA-std,2,1.0
917,5113,NW-flex,2,1.0
917,5113,BWA-no-clip,3,1.0
917,5113,BWA-std,3,1.0
917,5113,NW-flex,3,1.0
917,5113,BWA-no-clip,4,1.0
917,5113,BWA-std,4,1.0
917,5113,NW-flex,4,1.0
917,5113,BWA-no-clip,5,1.0
917,5113,BWA-std,5,1.0
917,5113,NW-flex,5,1.0
918,6210,BWA-no-clip,1,0.34710743801652894
918,6210,BWA-std,1,0.4628099173553719
918,6210,NW-flex,1,1.0
918,6210,BWA-no-clip,2,0.9256198347107438
918,6210,BWA-std,2,0.9504132231404959
918,6210,NW-flex,2,1.0
918,6210,BWA-no-clip,3,0.6363636363636364
918,6210,BWA-std,3,0.768595041322314
918,6210,NW-flex,3,1.0
918,6210,BWA-no-clip,4,1.0
918,6210,BWA-std,4,1.0
918,6210,NW-flex,4,1.0
918,6210,BWA-no-clip,5,1.0
918,6210,BWA-std,5,1.0
918,6210,NW-flex,5,1.0
922,2741,BWA-no-clip,1,0.5785123966942148
922,2741,BWA-std,1,0.6528925619834711
922,2741,NW-flex,1,1.0
922,2741,BWA-no-clip,2,1.0
922,2741,BWA-std,2,1.0
922,2741,NW-flex,2,1.0
922,2741,BWA-no-clip,3,1.0
922,2741,BWA-std,3,1.0
922,2741,NW-flex,3,1.0
922,2741,BWA-no-clip,4,1.0
922,2741,BWA-std,4,1.0
922,2741,NW-flex,4,1.0
922,2741,BWA-no-clip,5,1.0
922,2741,BWA-std,5,1.0
922,2741,NW-flex,5,1.0
948,4563,BWA-no-clip,1,0.3305785123966942
948,4563,BWA-std,1,0.5041322314049587
948,4563,NW-flex,1,1.0
948,4563,BWA-no-clip,2,1.0
948,4563,BWA-std,2,1.0
948,4563,NW-flex,2,1.0
948,4563,BWA-no-clip,3,1.0
948,4563,BWA-std,3,1.0
948,4563,NW-flex,3,1.0
948,4563,BWA-no-clip,4,1.0
948,4563,BWA-std,4,1.0
948,4563,NW-flex,4,1.0
948,4563,BWA-no-clip,5,1.0
948,4563,BWA-std,5,1.0
948,4563,NW-flex,5,1.0
951,3781,BWA-no-clip,1,0.6611570247933884
951,3781,BWA-std,1,0.71900826446281
951,3781,NW-flex,1,1.0
951,3781,BWA-no-clip,2,1.0
951,3781,BWA-std,2,1.0
951,3781,NW-flex,2,1.0
951,3781,BWA-no-clip,3,0.7107438016528925
951,3781,BWA-std,3,0.7933884297520661
951,3781,NW-flex,3,1.0
951,3781,BWA-no-clip,4,1.0
951,3781,BWA-std,4,1.0
951,3781,NW-flex,4,1.0
951,3781,BWA-no-clip,5,0.7768595041322314
951,3781,BWA-std,5,0.8512396694214877
951,3781,NW-flex,5,1.0
966,1886,BWA-no-clip,1,0.71900826446281
966,1886,BWA-std,1,0.6528925619834711
966,1886,NW-flex,1,1.0
966,1886,BWA-no-clip,2,1.0
966,1886,BWA-std,2,1.0
966,1886,NW-flex,2,1.0
966,1886,BWA-no-clip,3,1.0
966,1886,BWA-std,3,1.0
966,1886,NW-flex,3,1.0
966,1886,BWA-no-clip,4,1.0
966,1886,BWA-std,4,1.0
966,1886,NW-flex,4,1.0
966,1886,BWA-no-clip,5,1.0
966,1886,BWA-std,5,1.0
966,1886,NW-flex,5,1.0
972,6682,BWA-no-clip,1,0.6611570247933884
972,6682,BWA-std,1,0.7024793388429752
972,6682,NW-flex,1,1.0
972,6682,BWA-no-clip,2,1.0
972,6682,BWA-std,2,1.0
972,6682,NW-flex,2,1.0
972,6682,BWA-no-clip,3,1.0
972,6682,BWA-std,3,1.0
972,6682,NW-flex,3,1.0
972,6682,BWA-no-clip,4,1.0
972,6682,BWA-std,4,1.0
972,6682,NW-flex,4,1.0
972,6682,BWA-no-clip,5,1.0
972,6682,BWA-std,5,1.0
972,6682,NW-flex,5,1.0
974,2880,BWA-no-clip,1,0.3140495867768595
974,2880,BWA-std,1,0.4628099173553719
974,2880,NW-flex,1,1.0
974,2880,BWA-no-clip,2,1.0
974,2880,BWA-std,2,1.0
974,2880,NW-flex,2,1.0
974,2880,BWA-no-clip,3,1.0
974,2880,BWA-std,3,1.0
974,2880,NW-flex,3,1.0
974,2880,BWA-no-clip,4,1.0
974,2880,BWA-std,4,1.0
974,2880,NW-flex,4,1.0
974,2880,BWA-no-clip,5,1.0
974,2880,BWA-std,5,1.0
974,2880,NW-flex,5,1.0
997,1765,BWA-no-clip,1,0.256198347107438
997,1765,BWA-std,1,0.49586776859504134
997,1765,NW-flex,1,1.0
997,1765,BWA-no-clip,2,0.34710743801652894
997,1765,BWA-std,2,0.5454545454545454
997,1765,NW-flex,2,1.0
997,1765,BWA-no-clip,3,0.9173553719008265
997,1765,BWA-std,3,0.9338842975206612
997,1765,NW-flex,3,1.0
997,1765,BWA-no-clip,4,0.8512396694214877
997,1765,BWA-std,4,0.8925619834710744
997,1765,NW-flex,4,1.0
997,1765,BWA-no-clip,5,0.9173553719008265
997,1765,BWA-std,5,0.9338842975206612
997,1765,NW-flex,5,1.0
1004,6542,BWA-no-clip,1,0.6528925619834711
1004,6542,BWA-std,1,0.71900826446281
1004,6542,NW-flex,1,1.0
1004,6542,BWA-no-clip,2,0.6363636363636364
1004,6542,BWA-std,2,0.71900826446281
1004,6542,NW-flex,2,1.0
1004,6542,BWA-no-clip,3,1.0
1004,6542,BWA-std,3,1.0
1004,6542,NW-flex,3,1.0
1004,6542,BWA-no-clip,4,1.0
1004,6542,BWA-std,4,1.0
1004,6542,NW-flex,4,1.0
1004,6542,BWA-no-clip,5,1.0
1004,6542,BWA-std,5,1.0
1004,6542,NW-flex,5,1.0
1014,3073,BWA-no-clip,1,0.24793388429752067
1014,3073,BWA-std,1,0.4380165289256198
1014,3073,NW-flex,1,1.0
1014,3073,BWA-no-clip,2,0.2396694214876033
1014,3073,BWA-std,2,0.4793388429752066
1014,3073,NW-flex,2,1.0
1014,3073,BWA-no-clip,3,1.0
1014,3073,BWA-std,3,1.0
1014,3073,NW-flex,3,1.0
1014,3073,BWA-no-clip,4,1.0
1014,3073,BWA-std,4,1.0
1014,3073,NW-flex,4,1.0
1014,3073,BWA-no-clip,5,1.0
1014,3073,BWA-std,5,1.0
1014,3073,NW-flex,5,1.0
1030,3591,BWA-no-clip,1,0.19008264462809918
1030,3591,BWA-std,1,0.5041322314049587
1030,3591,NW-flex,1,1.0
1030,3591,BWA-no-clip,2,1.0
1030,3591,BWA-std,2,1.0
1030,3591,NW-flex,2,1.0
1030,3591,BWA-no-clip,3,1.0
1030,3591,BWA-std,3,1.0
1030,3591,NW-flex,3,1.0
1030,3591,BWA-no-clip,4,1.0
1030,3591,BWA-std,4,1.0
1030,3591,NW-flex,4,1.0
1030,3591,BWA-no-clip,5,1.0
1030,3591,BWA-std,5,1.0
1030,3591,NW-flex,5,1.0
1030,6801,BWA-no-clip,1,0.6198347107438017
1030,6801,BWA-std,1,0.7024793388429752
1030,6801,NW-flex,1,1.0
1030,6801,BWA-no-clip,2,1.0
1030,6801,BWA-std,2,1.0
1030,6801,NW-flex,2,1.0
1030,6801,BWA-no-clip,3,1.0
1030,6801,BWA-std,3,1.0
1030,6801,NW-flex,3,1.0
1030,6801,BWA-no-clip,4,1.0
1030,6801,BWA-std,4,1.0
1030,6801,NW-flex,4,1.0
1030,6801,BWA-no-clip,5,1.0
1030,6801,BWA-std,5,1.0
1030,6801,NW-flex,5,1.0
1042,6625,BWA-no-clip,1,0.5867768595041323
1042,6625,BWA-std,1,0.7024793388429752
1042,6625,NW-flex,1,1.0
1042,6625,BWA-no-clip,2,0.5867768595041323
1042,6625,BWA-std,2,0.7024793388429752
1042,6625,NW-flex,2,1.0
1042,6625,BWA-no-clip,3,1.0
1042,6625,BWA-std,3,1.0
1042,6625,NW-flex,3,1.0
1042,6625,BWA-no-clip,4,1.0
1042,6625,BWA-std,4,1.0
1042,6625,NW-flex,4,1.0
1042,6625,BWA-no-clip,5,1.0
1042,6625,BWA-std,5,1.0
1042,6625,NW-flex,5,1.0
1045,5861,BWA-no-clip,1,0.6446280991735537
1045,5861,BWA-std,1,0.6446280991735537
1045,5861,NW-flex,1,1.0
1045,5861,BWA-no-clip,2,0.6528925619834711
1045,5861,BWA-std,2,0.6528925619834711
1045,5861,NW-flex,2,1.0
1045,5861,BWA-no-clip,3,1.0
1045,5861,BWA-std,3,1.0
1045,5861,NW-flex,3,1.0
1045,5861,BWA-no-clip,4,0.7024793388429752
1045,5861,BWA-std,4,0.7933884297520661
1045,5861,NW-flex,4,1.0
1045,5861,BWA-no-clip,5,1.0
1045,5861,BWA-std,5,1.0
1045,5861,NW-flex,5,1.0
1046,2688,BWA-no-clip,1,0.5041322314049587
1046,2688,BWA-std,1,0.6363636363636364
1046,2688,NW-flex,1,1.0
1046,2688,BWA-no-clip,2,1.0
1046,2688,BWA-std,2,1.0
1046,2688,NW-flex,2,1.0
1046,2688,BWA-no-clip,3,0.8512396694214877
1046,2688,BWA-std,3,0.8842975206611571
1046,2688,NW-flex,3,1.0
1046,2688,BWA-no-clip,4,1.0
1046,2688,BWA-std,4,1.0
1046,2688,NW-flex,4,1.0
1046,2688,BWA-no-clip,5,1.0
1046,2688,BWA-std,5,1.0
1046,2688,NW-flex,5,1.0
1047,1744,BWA-no-clip,1,0.743801652892562
1047,1744,BWA-std,1,0.6363636363636364
1047,1744,NW-flex,1,1.0
1047,1744,BWA-no-clip,2,0.7355371900826446
1047,1744,BWA-std,2,0.6363636363636364
1047,1744,NW-flex,2,1.0
1047,1744,BWA-no-clip,3,1.0
1047,1744,BWA-std,3,1.0
1047,1744,NW-flex,3,1.0
1047,1744,BWA-no-clip,4,1.0
1047,1744,BWA-std,4,1.0
1047,1744,NW-flex,4,1.0
1047,1744,BWA-no-clip,5,1.0
1047,1744,BWA-std,5,1.0
1047,1744,NW-flex,5,1.0
1048,3777,BWA-no-clip,1,0.2644628099173554
1048,3777,BWA-std,1,0.4132231404958678
1048,3777,NW-flex,1,1.0
1048,3777,BWA-no-clip,2,0.628099173553719
1048,3777,BWA-std,2,0.7024793388429752
1048,3777,NW-flex,2,1.0
1048,3777,BWA-no-clip,3,0.9917355371900827
1048,3777,BWA-std,3,0.9834710743801653
1048,3777,NW-flex,3,1.0
1048,3777,BWA-no-clip,4,1.0
1048,3777,BWA-std,4,1.0
1048,3777,NW-flex,4,1.0
1048,3777,BWA-no-clip,5,1.0
1048,3777,BWA-std,5,1.0
1048,3777,NW-flex,5,1.0
1051,3701,BWA-no-clip,1,0.2231404958677686
1051,3701,BWA-std,1,0.4132231404958678
1051,3701,NW-flex,1,1.0
1051,3701,BWA-no-clip,2,0.2231404958677686
1051,3701,BWA-std,2,0.4297520661157025
1051,3701,NW-flex,2,1.0
1051,3701,BWA-no-clip,3,0.8181818181818182
1051,3701,BWA-std,3,0.859504132231405
1051,3701,NW-flex,3,1.0
1051,3701,BWA-no-clip,4,1.0
1051,3701,BWA-std,4,1.0
1051,3701,NW-flex,4,1.0
1051,3701,BWA-no-clip,5,1.0
1051,3701,BWA-std,5,1.0
1051,3701,NW-flex,5,1.0
1051,6220,BWA-no-clip,1,0.628099173553719
1051,6220,BWA-std,1,0.7024793388429752
1051,6220,NW-flex,1,1.0
1051,6220,BWA-no-clip,2,0.628099173553719
1051,6220,BWA-std,2,0.7024793388429752
1051,6220,NW-flex,2,1.0
1051,6220,BWA-no-clip,3,1.0
1051,6220,BWA-std,3,1.0
1051,6220,NW-flex,3,1.0
1051,6220,BWA-no-clip,4,0.9173553719008265
1051,6220,BWA-std,4,0.9421487603305785
1051,6220,NW-flex,4,1.0
1051,6220,BWA-no-clip,5,1.0
1051,6220,BWA-std,5,1.0
1051,6220,NW-flex,5,1.0
1053,1617,BWA-no-clip,1,0.5867768595041323
1053,1617,BWA-std,1,0.6528925619834711
1053,1617,NW-flex,1,1.0
1053,1617,BWA-no-clip,2,0.5702479338842975
1053,1617,BWA-std,2,0.6528925619834711
1053,1617,NW-flex,2,1.0
1053,1617,BWA-no-clip,3,0.9504132231404959
1053,1617,BWA-std,3,0.9586776859504132
1053,1617,NW-flex,3,1.0
1053,1617,BWA-no-clip,4,0.9504132231404959
1053,1617,BWA-std,4,0.9586776859504132
1053,1617,NW-flex,4,1.0
1053,1617,BWA-no-clip,5,1.0
1053,1617,BWA-std,5,1.0
1053,1617,NW-flex,5,1.0
1053,2833,BWA-no-clip,1,0.6611570247933884
1053,2833,BWA-std,1,0.71900826446281
1053,2833,NW-flex,1,1.0
1053,2833,BWA-no-clip,2,1.0
1053,2833,BWA-std,2,1.0
1053,2833,NW-flex,2,1.0
1053,2833,BWA-no-clip,3,1.0
1053,2833,BWA-std,3,1.0
1053,2833,NW-flex,3,1.0
1053,2833,BWA-no-clip,4,1.0
1053,2833,BWA-std,4,1.0
1053,2833,NW-flex,4,1.0
1053,2833,BWA-no-clip,5,1.0
1053,2833,BWA-std,5,1.0
1053,2833,NW-flex,5,1.0
1056,4929,BWA-no-clip,1,0.2231404958677686
1056,4929,BWA-std,1,0.4132231404958678
1056,4929,NW-flex,1,1.0
1056,4929,BWA-no-clip,2,1.0
1056,4929,BWA-std,2,1.0
1056,4929,NW-flex,2,1.0
1056,4929,BWA-no-clip,3,1.0
1056,4929,BWA-std,3,1.0
1056,4929,NW-flex,3,1.0
1056,4929,BWA-no-clip,4,1.0
1056,4929,BWA-std,4,1.0
1056,4929,NW-flex,4,1.0
1056,4929,BWA-no-clip,5,1.0
1056,4929,BWA-std,5,1.0
1056,4929,NW-flex,5,1.0
1071,3650,BWA-no-clip,1,0.21487603305785125
1071,3650,BWA-std,1,0.371900826446281
1071,3650,NW-flex,1,1.0
1071,3650,BWA-no-clip,2,0.6776859504132231
1071,3650,BWA-std,2,0.7107438016528925
1071,3650,NW-flex,2,1.0
1071,3650,BWA-no-clip,3,0.7355371900826446
1071,3650,BWA-std,3,0.7768595041322314
1071,3650,NW-flex,3,1.0
1071,3650,BWA-no-clip,4,0.8512396694214877
1071,3650,BWA-std,4,0.8842975206611571
1071,3650,NW-flex,4,1.0
1071,3650,BWA-no-clip,5,1.0
1071,3650,BWA-std,5,1.0
1071,3650,NW-flex,5,1.0
1077,2784,BWA-no-clip,1,0.7107438016528925
1077,2784,BWA-std,1,0.6198347107438017
1077,2784,NW-flex,1,1.0
1077,2784,BWA-no-clip,2,0.71900826446281
1077,2784,BWA-std,2,0.6363636363636364
1077,2784,NW-flex,2,1.0
1077,2784,BWA-no-clip,3,1.0
1077,2784,BWA-std,3,1.0
1077,2784,NW-flex,3,1.0
1077,2784,BWA-no-clip,4,0.9752066115702479
1077,2784,BWA-std,4,0.9586776859504132
1077,2784,NW-flex,4,1.0
1077,2784,BWA-no-clip,5,1.0
1077,2784,BWA-std,5,1.0
1077,2784,NW-flex,5,1.0
1095,3035,BWA-no-clip,1,0.5702479338842975
1095,3035,BWA-std,1,0.6528925619834711
1095,3035,NW-flex,1,1.0
1095,3035,BWA-no-clip,2,0.6363636363636364
1095,3035,BWA-std,2,0.71900826446281
1095,3035,NW-flex,2,1.0
1095,3035,BWA-no-clip,3,0.9173553719008265
1095,3035,BWA-std,3,0.9338842975206612
1095,3035,NW-flex,3,1.0
1095,3035,BWA-no-clip,4,0.9173553719008265
1095,3035,BWA-std,4,0.9504132231404959
1095,3035,NW-flex,4,1.0
1095,3035,BWA-no-clip,5,1.0
1095,3035,BWA-std,5,1.0
1095,3035,NW-flex,5,1.0
1121,6003,BWA-no-clip,1,0.256198347107438
1121,6003,BWA-std,1,0.4462809917355372
1121,6003,NW-flex,1,1.0
1121,6003,BWA-no-clip,2,0.4297520661157025
1121,6003,BWA-std,2,0.5950413223140496
1121,6003,NW-flex,2,1.0
1121,6003,BWA-no-clip,3,1.0
1121,6003,BWA-std,3,1.0
1121,6003,NW-flex,3,1.0
1121,6003,BWA-no-clip,4,1.0
1121,6003,BWA-std,4,1.0
1121,6003,NW-flex,4,1.0
1121,6003,BWA-no-clip,5,1.0
1121,6003,BWA-std,5,1.0
1121,6003,NW-flex,5,1.0
1130,4699,BWA-no-clip,1,0.256198347107438
1130,4699,BWA-std,1,0.38016528925619836
1130,4699,NW-flex,1,1.0
1130,4699,BWA-no-clip,2,0.4132231404958678
1130,4699,BWA-std,2,0.49586776859504134
1130,4699,NW-flex,2,1.0
1130,4699,BWA-no-clip,3,1.0
1130,4699,BWA-std,3,1.0
1130,4699,NW-flex,3,1.0
1130,4699,BWA-no-clip,4,1.0
1130,4699,BWA-std,4,1.0
1130,4699,NW-flex,4,1.0
1130,4699,BWA-no-clip,5,1.0
1130,4699,BWA-std,5,1.0
1130,4699,NW-flex,5,1.0
1130,4901,BWA-no-clip,1,0.4049586776859504
1130,4901,BWA-std,1,0.4793388429752066
1130,4901,NW-flex,1,1.0
1130,4901,BWA-no-clip,2,1.0
1130,4901,BWA-std,2,1.0
1130,4901,NW-flex,2,1.0
1130,4901,BWA-no-clip,3,1.0
1130,4901,BWA-std,3,1.0
1130,4901,NW-flex,3,1.0
1130,4901,BWA-no-clip,4,1.0
1130,4901,BWA-std,4,1.0
1130,4901,NW-flex,4,1.0
1130,4901,BWA-no-clip,5,1.0
1130,4901,BWA-std,5,1.0
1130,4901,NW-flex,5,1.0
1134,5769,BWA-no-clip,1,0.2644628099173554
1134,5769,BWA-std,1,0.45454545454545453
1134,5769,NW-flex,1,1.0
1134,5769,BWA-no-clip,2,0.3140495867768595
1134,5769,BWA-std,2,0.512396694214876
1134,5769,NW-flex,2,1.0
1134,5769,BWA-no-clip,3,0.7355371900826446
1134,5769,BWA-std,3,0.8181818181818182
1134,5769,NW-flex,3,1.0
1134,5769,BWA-no-clip,4,0.9008264462809917
1134,5769,BWA-std,4,0.9256198347107438
1134,5769,NW-flex,4,1.0
1134,5769,BWA-no-clip,5,1.0
1134,5769,BWA-std,5,1.0
1134,5769,NW-flex,5,1.0
1144,3780,BWA-no-clip,1,0.35537190082644626
1144,3780,BWA-std,1,0.45454545454545453
1144,3780,NW-flex,1,1.0
1144,3780,BWA-no-clip,2,0.8677685950413223
1144,3780,BWA-std,2,0.8842975206611571
1144,3780,NW-flex,2,1.0
1144,3780,BWA-no-clip,3,0.7355371900826446
1144,3780,BWA-std,3,0.8181818181818182
1144,3780,NW-flex,3,1.0
1144,3780,BWA-no-clip,4,1.0
1144,3780,BWA-std,4,1.0
1144,3780,NW-flex,4,1.0
1144,3780,BWA-no-clip,5,1.0
1144,3780,BWA-std,5,1.0
1144,3780,NW-flex,5,1.0
1155,6234,BWA-no-clip,1,0.256198347107438
1155,6234,BWA-std,1,0.45454545454545453
1155,6234,NW-flex,1,1.0
1155,6234,BWA-no-clip,2,1.0
1155,6234,BWA-std,2,1.0
1155,6234,NW-flex,2,1.0
1155,6234,BWA-no-clip,3,0.2231404958677686
1155,6234,BWA-std,3,0.48760330578512395
1155,6234,NW-flex,3,1.0
1155,6234,BWA-no-clip,4,0.8677685950413223
1155,6234,BWA-std,4,0.9256198347107438
1155,6234,NW-flex,4,1.0
1155,6234,BWA-no-clip,5,1.0
1155,6234,BWA-std,5,1.0
1155,6234,NW-flex,5,1.0
1163,2679,BWA-no-clip,1,0.2809917355371901
1163,2679,BWA-std,1,0.4297520661157025
1163,2679,NW-flex,1,1.0
1163,2679,BWA-no-clip,2,0.5041322314049587
1163,2679,BWA-std,2,0.6198347107438017
1163,2679,NW-flex,2,1.0
1163,2679,BWA-no-clip,3,0.8842975206611571
1163,2679,BWA-std,3,0.9256198347107438
1163,2679,NW-flex,3,1.0
1163,2679,BWA-no-clip,4,1.0
1163,2679,BWA-std,4,1.0
1163,2679,NW-flex,4,1.0
1163,2679,BWA-no-clip,5,1.0
1163,2679,BWA-std,5,1.0
1163,2679,NW-flex,5,1.0
1213,1557,BWA-no-clip,1,0.2892561983471074
1213,1557,BWA-std,1,0.49586776859504134
1213,1557,NW-flex,1,1.0
1213,1557,BWA-no-clip,2,0.38016528925619836
1213,1557,BWA-std,2,0.5454545454545454
1213,1557,NW-flex,2,1.0
1213,1557,BWA-no-clip,3,1.0
1213,1557,BWA-std,3,1.0
1213,1557,NW-flex,3,1.0
1213,1557,BWA-no-clip,4,1.0
1213,1557,BWA-std,4,1.0
1213,1557,NW-flex,4,1.0
1213,1557,BWA-no-clip,5,1.0
1213,1557,BWA-std,5,1.0
1213,1557,NW-flex,5,1.0
1245,4783,BWA-no-clip,1,0.6446280991735537
1245,4783,BWA-std,1,0.6363636363636364
1245,4783,NW-flex,1,1.0
1245,4783,BWA-no-clip,2,0.6611570247933884
1245,4783,BWA-std,2,0.7024793388429752
1245,4783,NW-flex,2,1.0
1245,4783,BWA-no-clip,3,1.0
1245,4783,BWA-std,3,1.0
1245,4783,NW-flex,3,1.0
1245,4783,BWA-no-clip,4,1.0
1245,4783,BWA-std,4,1.0
1245,4783,NW-flex,4,1.0
1245,4783,BWA-no-clip,5,1.0
1245,4783,BWA-std,5,1.0
1245,4783,NW-flex,5,1.0
1272,1672,BWA-no-clip,1,0.256198347107438
1272,1672,BWA-std,1,0.45454545454545453
1272,1672,NW-flex,1,1.0
1272,1672,BWA-no-clip,2,0.2892561983471074
1272,1672,BWA-std,2,0.512396694214876
1272,1672,NW-flex,2,1.0
1272,1672,BWA-no-clip,3,0.371900826446281
1272,1672,BWA-std,3,0.5619834710743802
1272,1672,NW-flex,3,1.0
1272,1672,BWA-no-clip,4,1.0
1272,1672,BWA-std,4,1.0
1272,1672,NW-flex,4,1.0
1272,1672,BWA-no-clip,5,1.0
1272,1672,BWA-std,5,1.0
1272,1672,NW-flex,5,1.0
1275,4264,BWA-no-clip,1,0.45454545454545453
1275,4264,BWA-std,1,0.5702479338842975
1275,4264,NW-flex,1,1.0
1275,4264,BWA-no-clip,2,1.0
1275,4264,BWA-std,2,1.0
1275,4264,NW-flex,2,1.0
1275,4264,BWA-no-clip,3,1.0
1275,4264,BWA-std,3,1.0
1275,4264,NW-flex,3,1.0
1275,4264,BWA-no-clip,4,1.0
1275,4264,BWA-std,4,1.0
1275,4264,NW-flex,4,1.0
1275,4264,BWA-no-clip,5,1.0
1275,4264,BWA-std,5,1.0
1275,4264,NW-flex,5,1.0
1277,1839,BWA-no-clip,1,0.4049586776859504
1277,1839,BWA-std,1,0.36363636363636365
1277,1839,NW-flex,1,1.0
1277,1839,BWA-no-clip,2,1.0
1277,1839,BWA-std,2,1.0
1277,1839,NW-flex,2,1.0
1277,1839,BWA-no-clip,3,0.9586776859504132
1277,1839,BWA-std,3,0.9504132231404959
1277,1839,NW-flex,3,1.0
1277,1839,BWA-no-clip,4,1.0
1277,1839,BWA-std,4,1.0
1277,1839,NW-flex,4,1.0
1277,1839,BWA-no-clip,5,1.0
1277,1839,BWA-std,5,1.0
1277,1839,NW-flex,5,1.0
1283,2380,BWA-no-clip,1,0.7024793388429752
1283,2380,BWA-std,1,0.71900826446281
1283,2380,NW-flex,1,1.0
1283,2380,BWA-no-clip,2,1.0
1283,2380,BWA-std,2,1.0
1283,2380,NW-flex,2,1.0
1283,2380,BWA-no-clip,3,0.7107438016528925
1283,2380,BWA-std,3,0.7933884297520661
1283,2380,NW-flex,3,1.0
1283,2380,BWA-no-clip,4,1.0
1283,2380,BWA-std,4,1.0
1283,2380,NW-flex,4,1.0
1283,2380,BWA-no-clip,5,0.7768595041322314
1283,2380,BWA-std,5,0.8512396694214877
1283,2380,NW-flex,5,1.0
1303,6322,BWA-no-clip,1,0.256198347107438
1303,6322,BWA-std,1,0.5041322314049587
1303,6322,NW-flex,1,1.0
1303,6322,BWA-no-clip,2,0.6694214876033058
1303,6322,BWA-std,2,0.8099173553719008
1303,6322,NW-flex,2,1.0
1303,6322,BWA-no-clip,3,1.0
1303,6322,BWA-std,3,1.0
1303,6322,NW-flex,3,1.0
1303,6322,BWA-no-clip,4,1.0
1303,6322,BWA-std,4,1.0
1303,6322,NW-flex,4,1.0
1303,6322,BWA-no-clip,5,1.0
1303,6322,BWA-std,5,1.0
1303,6322,NW-flex,5,1.0
1303,6712,BWA-no-clip,1,0.256198347107438
1303,6712,BWA-std,1,0.38016528925619836
1303,6712,NW-flex,1,1.0
1303,6712,BWA-no-clip,2,0.7355371900826446
1303,6712,BWA-std,2,0.859504132231405
1303,6712,NW-flex,2,1.0
1303,6712,BWA-no-clip,3,0.7851239669421488
1303,6712,BWA-std,3,0.8677685950413223
1303,6712,NW-flex,3,1.0
1303,6712,BWA-no-clip,4,0.9008264462809917
1303,6712,BWA-std,4,0.9256198347107438
1303,6712,NW-flex,4,1.0
1303,6712,BWA-no-clip,5,1.0
1303,6712,BWA-std,5,1.0
1303,6712,NW-flex,5,1.0
1305,3457,BWA-no-clip,1,0.23140495867768596
1305,3457,BWA-std,1,0.512396694214876
1305,3457,NW-flex,1,1.0
1305,3457,BWA-no-clip,2,0.9834710743801653
1305,3457,BWA-std,2,0.9834710743801653
1305,3457,NW-flex,2,1.0
1305,3457,BWA-no-clip,3,1.0
1305,3457,BWA-std,3,1.0
1305,3457,NW-flex,3,1.0
1305,3457,BWA-no-clip,4,1.0
1305,3457,BWA-std,4,1.0
1305,3457,NW-flex,4,1.0
1305,3457,BWA-no-clip,5,1.0
1305,3457,BWA-std,5,1.0
1305,3457,NW-flex,5,1.0
1307,2578,BWA-no-clip,1,0.6033057851239669
1307,2578,BWA-std,1,0.71900826446281
1307,2578,NW-flex,1,1.0
1307,2578,BWA-no-clip,2,1.0
1307,2578,BWA-std,2,1.0
1307,2578,NW-flex,2,1.0
1307,2578,BWA-no-clip,3,0.6776859504132231
1307,2578,BWA-std,3,0.7933884297520661
1307,2578,NW-flex,3,1.0
1307,2578,BWA-no-clip,4,1.0
1307,2578,BWA-std,4,1.0
1307,2578,NW-flex,4,1.0
1307,2578,BWA-no-clip,5,1.0
1307,2578,BWA-std,5,1.0
1307,2578,NW-flex,5,1.0
1322,1486,BWA-no-clip,1,0.3140495867768595
1322,1486,BWA-std,1,0.4380165289256198
1322,1486,NW-flex,1,1.0
1322,1486,BWA-no-clip,2,1.0
1322,1486,BWA-std,2,1.0
1322,1486,NW-flex,2,1.0
1322,1486,BWA-no-clip,3,1.0
1322,1486,BWA-std,3,1.0
1322,1486,NW-flex,3,1.0
1322,1486,BWA-no-clip,4,1.0
1322,1486,BWA-std,4,1.0
1322,1486,NW-flex,4,1.0
1322,1486,BWA-no-clip,5,1.0
1322,1486,BWA-std,5,1.0
1322,1486,NW-flex,5,1.0
1349,2680,BWA-no-clip,1,0.17355371900826447
1349,2680,BWA-std,1,0.45454545454545453
1349,2680,NW-flex,1,1.0
1349,2680,BWA-no-clip,2,0.6033057851239669
1349,2680,BWA-std,2,0.7768595041322314
1349,2680,NW-flex,2,1.0
1349,2680,BWA-no-clip,3,0.7024793388429752
1349,2680,BWA-std,3,0.8181818181818182
1349,2680,NW-flex,3,1.0
1349,2680,BWA-no-clip,4,0.7520661157024794
1349,2680,BWA-std,4,0.8760330578512396
1349,2680,NW-flex,4,1.0
1349,2680,BWA-no-clip,5,0.9173553719008265
1349,2680,BWA-std,5,0.9421487603305785
1349,2680,NW-flex,5,1.0
1359,3171,BWA-no-clip,1,0.2396694214876033
1359,3171,BWA-std,1,0.4628099173553719
1359,3171,NW-flex,1,1.0
1359,3171,BWA-no-clip,2,0.4049586776859504
1359,3171,BWA-std,2,0.5950413223140496
1359,3171,NW-flex,2,1.0
1359,3171,BWA-no-clip,3,0.8677685950413223
1359,3171,BWA-std,3,0.9256198347107438
1359,3171,NW-flex,3,1.0
1359,3171,BWA-no-clip,4,1.0
1359,3171,BWA-std,4,1.0
1359,3171,NW-flex,4,1.0
1359,3171,BWA-no-clip,5,1.0
1359,3171,BWA-std,5,1.0
1359,3171,NW-flex,5,1.0
1359,4511,BWA-no-clip,1,0.24793388429752067
1359,4511,BWA-std,1,0.4297520661157025
1359,4511,NW-flex,1,1.0
1359,4511,BWA-no-clip,2,0.8677685950413223
1359,4511,BWA-std,2,0.9256198347107438
1359,4511,NW-flex,2,1.0
1359,4511,BWA-no-clip,3,1.0
1359,4511,BWA-std,3,1.0
1359,4511,NW-flex,3,1.0
1359,4511,BWA-no-clip,4,1.0
1359,4511,BWA-std,4,1.0
1359,4511,NW-flex,4,1.0
1359,4511,BWA-no-clip,5,1.0
1359,4511,BWA-std,5,1.0
1359,4511,NW-flex,5,1.0
1371,6097,BWA-no-clip,1,0.2892561983471074
1371,6097,BWA-std,1,0.512396694214876
1371,6097,NW-flex,1,1.0
1371,6097,BWA-no-clip,2,0.6363636363636364
1371,6097,BWA-std,2,0.7851239669421488
1371,6097,NW-flex,2,1.0
1371,6097,BWA-no-clip,3,0.7024793388429752
1371,6097,BWA-std,3,0.8264462809917356
1371,6097,NW-flex,3,1.0
1371,6097,BWA-no-clip,4,0.2975206611570248
1371,6097,BWA-std,4,0.5371900826446281
1371,6097,NW-flex,4,1.0
1371,6097,BWA-no-clip,5,0.7024793388429752
1371,6097,BWA-std,5,0.8512396694214877
1371,6097,NW-flex,5,1.0
1378,6090,BWA-no-clip,1,0.24793388429752067
1378,6090,BWA-std,1,0.4132231404958678
1378,6090,NW-flex,1,1.0
1378,6090,BWA-no-clip,2,0.8016528925619835
1378,6090,BWA-std,2,0.8842975206611571
1378,6090,NW-flex,2,1.0
1378,6090,BWA-no-clip,3,0.9504132231404959
1378,6090,BWA-std,3,0.9586776859504132
1378,6090,NW-flex,3,1.0
1378,6090,BWA-no-clip,4,0.9338842975206612
1378,6090,BWA-std,4,0.9504132231404959
1378,6090,NW-flex,4,1.0
1378,6090,BWA-no-clip,5,1.0
1378,6090,BWA-std,5,1.0
1378,6090,NW-flex,5,1.0
1379,4905,BWA-no-clip,1,0.6776859504132231
1379,4905,BWA-std,1,0.6528925619834711
1379,4905,NW-flex,1,1.0
1379,4905,BWA-no-clip,2,0.6611570247933884
1379,4905,BWA-std,2,0.6528925619834711
1379,4905,NW-flex,2,1.0
1379,4905,BWA-no-clip,3,1.0
1379,4905,BWA-std,3,1.0
1379,4905,NW-flex,3,1.0
1379,4905,BWA-no-clip,4,1.0
1379,4905,BWA-std,4,1.0
1379,4905,NW-flex,4,1.0
1379,4905,BWA-no-clip,5,1.0
1379,4905,BWA-std,5,1.0
1379,4905,NW-flex,5,1.0
1388,1774,BWA-no-clip,1,0.6363636363636364
1388,1774,BWA-std,1,0.71900826446281
1388,1774,NW-flex,1,1.0
1388,1774,BWA-no-clip,2,1.0
1388,1774,BWA-std,2,1.0
1388,1774,NW-flex,2,1.0
1388,1774,BWA-no-clip,3,1.0
1388,1774,BWA-std,3,1.0
1388,1774,NW-flex,3,1.0
1388,1774,BWA-no-clip,4,1.0
1388,1774,BWA-std,4,1.0
1388,1774,NW-flex,4,1.0
1388,1774,BWA-no-clip,5,1.0
1388,1774,BWA-std,5,1.0
1388,1774,NW-flex,5,1.0
1420,5138,BWA-no-clip,1,0.2396694214876033
1420,5138,BWA-std,1,0.4132231404958678
1420,5138,NW-flex,1,1.0
1420,5138,BWA-no-clip,2,0.2396694214876033
1420,5138,BWA-std,2,0.4132231404958678
1420,5138,NW-flex,2,1.0
1420,5138,BWA-no-clip,3,0.71900826446281
1420,5138,BWA-std,3,0.8264462809917356
1420,5138,NW-flex,3,1.0
1420,5138,BWA-no-clip,4,0.9669421487603306
1420,5138,BWA-std,4,0.9752066115702479
1420,5138,NW-flex,4,1.0
1420,5138,BWA-no-clip,5,1.0
1420,5138,BWA-std,5,1.0
1420,5138,NW-flex,5,1.0
1431,6324,BWA-no-clip,1,0.35537190082644626
1431,6324,BWA-std,1,0.45454545454545453
1431,6324,NW-flex,1,1.0
1431,6324,BWA-no-clip,2,0.7520661157024794
1431,6324,BWA-std,2,0.8099173553719008
1431,6324,NW-flex,2,1.0
1431,6324,BWA-no-clip,3,1.0
1431,6324,BWA-std,3,1.0
1431,6324,NW-flex,3,1.0
1431,6324,BWA-no-clip,4,1.0
1431,6324,BWA-std,4,1.0
1431,6324,NW-flex,4,1.0
1431,6324,BWA-no-clip,5,1.0
1431,6324,BWA-std,5,1.0
1431,6324,NW-flex,5,1.0
1441,4864,BWA-no-clip,1,0.256198347107438
1441,4864,BWA-std,1,0.4049586776859504
1441,4864,NW-flex,1,1.0
1441,4864,BWA-no-clip,2,0.3140495867768595
1441,4864,BWA-std,2,0.4628099173553719
1441,4864,NW-flex,2,1.0
1441,4864,BWA-no-clip,3,0.9008264462809917
1441,4864,BWA-std,3,0.9256198347107438
1441,4864,NW-flex,3,1.0
1441,4864,BWA-no-clip,4,1.0
1441,4864,BWA-std,4,1.0
1441,4864,NW-flex,4,1.0
1441,4864,BWA-no-clip,5,1.0
1441,4864,BWA-std,5,1.0
1441,4864,NW-flex,5,1.0
1457,2614,BWA-no-clip,1,0.21487603305785125
1457,2614,BWA-std,1,0.4380165289256198
1457,2614,NW-flex,1,1.0
1457,2614,BWA-no-clip,2,1.0
1457,2614,BWA-std,2,1.0
1457,2614,NW-flex,2,1.0
1457,2614,BWA-no-clip,3,1.0
1457,2614,BWA-std,3,1.0
1457,2614,NW-flex,3,1.0
1457,2614,BWA-no-clip,4,1.0
1457,2614,BWA-std,4,1.0
1457,2614,NW-flex,4,1.0
1457,2614,BWA-no-clip,5,1.0
1457,2614,BWA-std,5,1.0
1457,2614,NW-flex,5,1.0
1465,2494,BWA-no-clip,1,0.6611570247933884
1465,2494,BWA-std,1,0.71900826446281
1465,2494,NW-flex,1,1.0
1465,2494,BWA-no-clip,2,1.0
1465,2494,BWA-std,2,1.0
1465,2494,NW-flex,2,1.0
1465,2494,BWA-no-clip,3,1.0
1465,2494,BWA-std,3,1.0
1465,2494,NW-flex,3,1.0
1465,2494,BWA-no-clip,4,1.0
1465,2494,BWA-std,4,1.0
1465,2494,NW-flex,4,1.0
1465,2494,BWA-no-clip,5,1.0
1465,2494,BWA-std,5,1.0
1465,2494,NW-flex,5,1.0
1477,6703,BWA-no-clip,1,0.371900826446281
1477,6703,BWA-std,1,0.5371900826446281
1477,6703,NW-flex,1,1.0
1477,6703,BWA-no-clip,2,1.0
1477,6703,BWA-std,2,1.0
1477,6703,NW-flex,2,1.0
1477,6703,BWA-no-clip,3,0.7107438016528925
1477,6703,BWA-std,3,0.7933884297520661
1477,6703,NW-flex,3,1.0
1477,6703,BWA-no-clip,4,1.0
1477,6703,BWA-std,4,1.0
1477,6703,NW-flex,4,1.0
1477,6703,BWA-no-clip,5,1.0
1477,6703,BWA-std,5,1.0
1477,6703,NW-flex,5,1.0
