test,aligner,motif_len,motif1_len,motif2_len,snv_offset,delta,bridge_len,n_correct,n_obs,prop_correct
single,BWA-no-clip,3,,,0,-5,,415450,1452560,0.2860122817646087
single,BWA-std,3,,,0,-5,,346578,1452560,0.23859806135374786
single,NW-flex,3,,,0,-5,,1425090,1452560,0.9810885608856088
single,BWA-no-clip,3,,,0,-4,,417272,1420040,0.2938452437959494
single,BWA-std,3,,,0,-4,,357298,1420040,0.25161122221909243
single,NW-flex,3,,,0,-4,,1392570,1420040,0.9806554744936762
single,BWA-no-clip,3,,,0,-3,,416502,1387520,0.3001772947416974
single,BWA-std,3,,,0,-3,,368017,1387520,0.2652336542896679
single,NW-flex,3,,,0,-3,,1360050,1387520,0.9802020871771218
single,BWA-no-clip,3,,,0,-2,,416312,1355000,0.3072413284132841
single,BWA-std,3,,,0,-2,,378728,1355000,0.2795040590405904
single,NW-flex,3,,,0,-2,,1327530,1355000,0.9797269372693727
single,BWA-no-clip,3,,,0,-1,,414995,1322480,0.3138005867763596
single,BWA-std,3,,,0,-1,,389347,1322480,0.29440672070655133
single,NW-flex,3,,,0,-1,,1295010,1322480,0.9792284193333737
single,BWA-no-clip,3,,,0,0,,1289960,1289960,1.0
single,BWA-std,3,,,0,0,,1289960,1289960,1.0
single,NW-flex,3,,,0,0,,1262490,1289960,0.978704766039257
single,BWA-no-clip,3,,,0,1,,611684,1257440,0.4864518386563176
single,BWA-std,3,,,0,1,,558151,1257440,0.4438788331848836
single,NW-flex,3,,,0,1,,1229970,1257440,0.9781540272299275
single,BWA-no-clip,3,,,0,2,,596085,1224920,0.4866317800346145
single,BWA-std,3,,,0,2,,509469,1224920,0.4159202233615257
single,NW-flex,3,,,0,2,,1197450,1224920,0.9775740456519609
single,BWA-no-clip,3,,,0,3,,579737,1192400,0.48619339147936935
single,BWA-std,3,,,0,3,,460697,1192400,0.3863611204293861
single,NW-flex,3,,,0,3,,1164930,1192400,0.9769624287151962
single,BWA-no-clip,3,,,0,4,,562945,1159880,0.48534762216781047
single,BWA-std,3,,,0,4,,411917,1159880,0.35513760044142495
single,NW-flex,3,,,0,4,,1132410,1159880,0.9763165155016036
single,BWA-no-clip,3,,,0,5,,546543,1127360,0.48479899943230204
single,BWA-std,3,,,0,5,,363131,1127360,0.3221074013624752
single,NW-flex,3,,,0,5,,1099890,1127360,0.9756333380641499
single,BWA-no-clip,3,,,-1,-5,,1282570,1452560,0.8829721319601256
single,BWA-std,3,,,-1,-5,,1094864,1452560,0.7537478658368674
single,NW-flex,3,,,-1,-5,,1452560,1452560,1.0
single,BWA-no-clip,3,,,-1,-4,,1295543,1420040,0.9123285259570153
single,BWA-std,3,,,-1,-4,,1138194,1420040,0.8015224923241598
single,NW-flex,3,,,-1,-4,,1420040,1420040,1.0
single,BWA-no-clip,3,,,-1,-3,,1301414,1387520,0.9379425161439114
single,BWA-std,3,,,-1,-3,,1170714,1387520,0.8437456757380074
single,NW-flex,3,,,-1,-3,,1387520,1387520,1.0
single,BWA-no-clip,3,,,-1,-2,,1286771,1355000,0.9496464944649446
single,BWA-std,3,,,-1,-2,,1203180,1355000,0.8879557195571955
single,NW-flex,3,,,-1,-2,,1355000,1355000,1.0
single,BWA-no-clip,3,,,-1,-1,,1281899,1322480,0.9693144697840421
single,BWA-std,3,,,-1,-1,,1235110,1322480,0.9339347286915493
single,NW-flex,3,,,-1,-1,,1322480,1322480,1.0
single,BWA-no-clip,3,,,-1,0,,1289960,1289960,1.0
single,BWA-std,3,,,-1,0,,1289960,1289960,1.0
single,NW-flex,3,,,-1,0,,1289960,1289960,1.0
single,BWA-no-clip,3,,,-1,1,,1245095,1257440,0.9901824341519277
single,BWA-std,3,,,-1,1,,1170352,1257440,0.930741824659626
single,NW-flex,3,,,-1,1,,1257440,1257440,1.0
single,BWA-no-clip,3,,,-1,2,,1213788,1224920,0.9909120595630735
single,BWA-std,3,,,-1,2,,1073144,1224920,0.876093132612742
single,NW-flex,3,,,-1,2,,1224920,1224920,1.0
single,BWA-no-clip,3,,,-1,3,,1180761,1192400,0.9902390137537739
single,BWA-std,3,,,-1,3,,975590,1192400,0.8181734317343173
single,NW-flex,3,,,-1,3,,1192400,1192400,1.0
single,BWA-no-clip,3,,,-1,4,,1147047,1159880,0.988935924405973
single,BWA-std,3,,,-1,4,,878034,1159880,0.7570041728454667
single,NW-flex,3,,,-1,4,,1159880,1159880,1.0
single,BWA-no-clip,3,,,-1,5,,1114401,1127360,0.98850500283849
single,BWA-std,3,,,-1,5,,780472,1127360,0.6923005960828839
single,NW-flex,3,,,-1,5,,1127360,1127360,1.0
compound,BWA-no-clip,,2,3,,,1,546762,2352000,0.23246683673469387
compound,BWA-std,,2,3,,,1,497421,2352000,0.21148852040816327
compound,NW-flex,,2,3,,,1,2352000,2352000,1.0
compound,BWA-no-clip,,2,3,,,2,1277059,2328000,0.5485648625429553
compound,BWA-std,,2,3,,,2,1123147,2328000,0.48245146048109966
compound,NW-flex,,2,3,,,2,2328000,2328000,1.0
compound,BWA-no-clip,,2,3,,,3,1825067,2304000,0.7921297743055555
compound,BWA-std,,2,3,,,3,1592858,2304000,0.6913446180555556
compound,NW-flex,,2,3,,,3,2304000,2304000,1.0
compound,BWA-no-clip,,2,3,,,4,1980552,2280000,0.8686631578947368
compound,BWA-std,,2,3,,,4,1728055,2280000,0.7579188596491228
compound,NW-flex,,2,3,,,4,2280000,2280000,1.0
compound,BWA-no-clip,,2,3,,,5,2080030,2256000,0.9219991134751773
compound,BWA-std,,2,3,,,5,1811517,2256000,0.8029773936170213
compound,NW-flex,,2,3,,,5,2256000,2256000,1.0
